transaction_date,transaction_fees_usd
2018-05-25,225121.700379
2018-05-24,232869.806162
2018-05-23,212606.311675
2018-05-22,262376.964694
2018-05-21,212592.926216
2018-05-20,258407.833923
2018-05-19,577957.063166
2018-05-18,438194.651796
2018-05-17,269896.051485
2018-05-16,322028.853988
2018-05-15,305051.324516
2018-05-14,203691.050921
2018-05-13,240856.552213
2018-05-12,326997.720893
2018-05-11,243116.810553
2018-05-10,284597.922953
2018-05-09,316487.147244
2018-05-08,335511.603882
2018-05-07,301249.522105
2018-05-06,315453.889668
2018-05-05,382394.33565
2018-05-04,379793.453859
2018-05-03,358592.118817
2018-05-02,288207.2989
2018-05-01,340003.184846
2018-04-30,325637.992318
2018-04-29,391205.666163
2018-04-28,501248.660462
2018-04-27,625759.542671
2018-04-26,825179.562736
2018-04-25,625036.260119
2018-04-24,260277.059037
2018-04-23,192145.593563
2018-04-22,250176.598425
2018-04-21,256932.124251
2018-04-20,228424.326488
2018-04-19,206719.693216
2018-04-18,206363.134195
2018-04-17,206972.133717
2018-04-16,202721.98783
2018-04-15,190942.645957
2018-04-14,287103.589389
2018-04-13,280240.336284
2018-04-12,157597.026223
2018-04-11,156035.845753
2018-04-10,150225.015912
2018-04-09,147492.496027
2018-04-08,188194.766009
2018-04-07,228040.999943
2018-04-06,166996.474298
2018-04-05,168465.413974
2018-04-04,186219.033204
2018-04-03,150514.268183
2018-04-02,124208.505749
2018-04-01,139226.127988
2018-03-31,177326.152338
2018-03-30,195094.828724
2018-03-29,191787.314297
2018-03-28,216676.339551
2018-03-27,221211.396257
2018-03-26,174340.622682
2018-03-25,188536.568966
2018-03-24,228095.857148
2018-03-23,240939.73302
2018-03-22,277606.50243
2018-03-21,282002.166214
2018-03-20,258927.84398
2018-03-19,207005.951447
2018-03-18,171987.245159
2018-03-17,252941.524253
2018-03-16,306293.801835
2018-03-15,301935.72104
2018-03-14,555473.22062
2018-03-13,307329.883031
2018-03-12,386652.668098
2018-03-11,352229.694852
2018-03-10,316724.460172
2018-03-09,335966.798384
2018-03-08,352489.933942
2018-03-07,400821.850894
2018-03-06,516365.404075
2018-03-05,382520.881949
2018-03-04,430013.990263
2018-03-03,464496.466583
2018-03-02,573101.575877
2018-03-01,531980.010746
2018-02-28,544068.951569
2018-02-27,478005.624362
2018-02-26,401832.67507
2018-02-25,932047.945709
2018-02-24,751469.279841
2018-02-23,373430.42755
2018-02-22,428501.009101
2018-02-21,594928.423327
2018-02-20,565638.249537
2018-02-19,468271.499026
2018-02-18,527340.964244
2018-02-17,589979.418812
2018-02-16,639336.576964
2018-02-15,595161.932437
2018-02-14,589576.885325
2018-02-13,616527.146026
2018-02-12,516998.713859
2018-02-11,738768.899031
2018-02-10,754234.539111
2018-02-09,725043.655617
2018-02-08,1000515.69023
2018-02-07,1262518.87784
2018-02-06,1188364.08812
2018-02-05,935132.434534
2018-02-04,1333616.10081
2018-02-03,2442348.7298
2018-02-02,1944067.48096
2018-02-01,1642340.30488
2018-01-31,1632514.29013
2018-01-30,1634257.1278
2018-01-29,1827742.52239
2018-01-28,1939097.76709
2018-01-27,2294141.71962
2018-01-26,2476759.16262
2018-01-25,3198498.78959
2018-01-24,3209324.99345
2018-01-23,3317461.28628
2018-01-22,3950466.10751
2018-01-21,5561112.0675
2018-01-20,5614014.97038
2018-01-19,7452780.62517
2018-01-18,7505013.85889
2018-01-17,6779961.27563
2018-01-16,7147868.04353
2018-01-15,6806278.50533
2018-01-14,7662641.86909
2018-01-13,8593093.92326
2018-01-12,9273727.09077
2018-01-11,10895933.4811
2018-01-10,11071272.0486
2018-01-09,10602575.2839
2018-01-08,11424807.8726
2018-01-07,12027800.3544
2018-01-06,12045172.4648
2018-01-05,11829066.6621
2018-01-04,11285211.5866
2018-01-03,9741276.58678
2018-01-02,6483620.48335
2018-01-01,7722285.67201
2017-12-31,10289264.1145
2017-12-30,11504149.5379
2017-12-29,11300748.4557
2017-12-28,12234766.5881
2017-12-27,11609290.5386
2017-12-26,9733579.23643
2017-12-25,12290916.0865
2017-12-24,16368134.3728
2017-12-23,22724840.6602
2017-12-22,18113814.193
2017-12-21,14609416.9187
2017-12-20,11752530.4684
2017-12-19,11132989.2665
2017-12-18,10328496.9276
2017-12-17,10412518.8607
2017-12-16,10533475.0498
2017-12-15,10751346.2855
2017-12-14,10157261.4388
2017-12-13,9293733.50239
2017-12-12,8106807.48721
2017-12-11,6811862.08549
2017-12-10,8587325.96104
2017-12-09,10267644.7352
2017-12-08,5966734.53789
2017-12-07,3482333.20751
2017-12-06,2609451.31257
2017-12-05,2619560.71268
2017-12-04,2124312.94414
2017-12-03,2106835.48552
2017-12-02,2688891.19998
2017-12-01,2746194.89366
2017-11-30,2873917.64081
2017-11-29,2440662.82964
2017-11-28,2298406.7418
2017-11-27,1775333.26292
2017-11-26,1703515.11376
2017-11-25,1926904.49576
2017-11-24,2166965.27294
2017-11-23,1700034.08072
2017-11-22,2500928.14836
2017-11-21,2716241.39213
2017-11-20,1981442.3025
2017-11-19,2266879.97254
2017-11-18,3123836.62283
2017-11-17,3928149.05655
2017-11-16,4406485.69342
2017-11-15,4081355.24891
2017-11-14,5131358.27837
2017-11-13,3336093.43708
2017-11-12,2017392.35736
2017-11-11,2150025.6006
2017-11-10,2586413.10134
2017-11-09,2271125.50801
2017-11-08,2085988.3334
2017-11-07,1679738.78866
2017-11-06,1458113.70199
2017-11-05,2032306.6957
2017-11-04,1956152.111
2017-11-03,1962017.31694
2017-11-02,1460719.7197
2017-11-01,1481494.86626
2017-10-31,1609453.33424
2017-10-30,1716486.63401
2017-10-29,1011143.10306
2017-10-28,962088.743236
2017-10-27,663865.092808
2017-10-26,804946.787716
2017-10-25,1100012.46298
2017-10-24,1090860.96564
2017-10-23,929379.605074
2017-10-22,1010021.50935
2017-10-21,968507.733413
2017-10-20,1096912.81316
2017-10-19,1065989.86358
2017-10-18,1171945.17783
2017-10-17,1104658.35976
2017-10-16,918858.992796
2017-10-15,1306271.2255
2017-10-14,1566403.95697
2017-10-13,928780.083848
2017-10-12,714117.143181
2017-10-11,799875.592041
2017-10-10,713546.427493
2017-10-09,514518.779947
2017-10-08,473572.050781
2017-10-07,647587.032887
2017-10-06,695709.927758
2017-10-05,577720.151685
2017-10-04,654877.027133
2017-10-03,791715.123647
2017-10-02,519159.322729
2017-10-01,439786.082706
2017-09-30,483654.034702
2017-09-29,564964.160367
2017-09-28,603060.977502
2017-09-27,586880.874116
2017-09-26,581016.288814
2017-09-25,309852.646408
2017-09-24,376490.132324
2017-09-23,426184.960232
2017-09-22,498886.538197
2017-09-21,582342.908838
2017-09-20,684984.3639
2017-09-19,688938.352339
2017-09-18,372398.374909
2017-09-17,451325.775289
2017-09-16,48384.1633036
2017-09-15,510343.437158
2017-09-14,529746.695793
2017-09-13,628248.119721
2017-09-12,678563.690289
2017-09-11,620215.912655
2017-09-10,633801.617886
2017-09-09,938733.637286
2017-09-08,1197810.24439
2017-09-07,1265360.1153
2017-09-06,1265391.76733
2017-09-05,1413576.8912
2017-09-04,1111538.99211
2017-09-03,1330599.17313
2017-09-02,1879929.22894
2017-09-01,1962049.70033
2017-08-31,1785141.43295
2017-08-30,2127784.01411
2017-08-29,1660836.35739
2017-08-28,1562511.87958
2017-08-27,1854583.53245
2017-08-26,1857857.8668
2017-08-25,1675358.92891
2017-08-24,2262700.49681
2017-08-23,1364202.61141
2017-08-22,1204887.48323
2017-08-21,868938.370296
2017-08-20,1122855.70487
2017-08-19,1395931.4683
2017-08-18,1581354.27494
2017-08-17,1515513.77242
2017-08-16,1477859.19131
2017-08-15,1067271.38326
2017-08-14,782662.032054
2017-08-13,811987.469196
2017-08-12,853438.197257
2017-08-11,661546.959541
2017-08-10,530296.114551
2017-08-09,549940.715485
2017-08-08,415090.491974
2017-08-07,285921.061064
2017-08-06,365470.982478
2017-08-05,326099.435109
2017-08-04,346766.645402
2017-08-03,351559.253633
2017-08-02,205846.712491
2017-08-01,558578.289009
2017-07-31,379262.635696
2017-07-30,425982.463957
2017-07-29,524147.462254
2017-07-28,440222.116784
2017-07-27,418004.164903
2017-07-26,431510.050181
2017-07-25,459453.752418
2017-07-24,341721.078442
2017-07-23,480204.942303
2017-07-22,669850.658654
2017-07-21,664474.020885
2017-07-20,456581.834979
2017-07-19,520910.297017
2017-07-18,431051.061421
2017-07-17,322374.750811
2017-07-16,779036.568706
2017-07-15,471881.182887
2017-07-14,496365.22318
2017-07-13,530475.95934
2017-07-12,491926.911755
2017-07-11,486419.526386
2017-07-10,398767.85401
2017-07-09,492984.251572
2017-07-08,599521.80308
2017-07-07,630360.990298
2017-07-06,591467.03522
2017-07-05,764149.662658
2017-07-04,725364.963995
2017-07-03,494884.675951
2017-07-02,621356.880605
2017-07-01,884943.891277
2017-06-30,868664.469591
2017-06-29,997582.899132
2017-06-28,926320.89182
2017-06-27,913806.990937
2017-06-26,649919.979291
2017-06-25,795414.350357
2017-06-24,918720.613681
2017-06-23,1219384.37012
2017-06-22,1235901.61384
2017-06-21,1069166.76741
2017-06-20,1013286.57499
2017-06-19,697043.166044
2017-06-18,830165.186883
2017-06-17,925226.106784
2017-06-16,1063464.34638
2017-06-15,1112772.56445
2017-06-14,1317589.24306
2017-06-13,1089286.31861
2017-06-12,1054767.50141
2017-06-11,1112267.72553
2017-06-10,1288092.36053
2017-06-09,1371335.9039
2017-06-08,1780519.03189
2017-06-07,1474348.2501
2017-06-06,1282881.03523
2017-06-05,1112132.31382
2017-06-04,1378176.82264
2017-06-03,1150058.57723
2017-06-02,1365337.13516
2017-06-01,1303942.09055
2017-05-31,1317521.33148
2017-05-30,1126368.15301
2017-05-29,924308.578299
2017-05-28,1065087.24195
2017-05-27,1039178.4318
2017-05-26,1190928.11237
2017-05-25,1125215.97177
2017-05-24,1071525.90824
2017-05-23,850142.830054
2017-05-22,721993.733933
2017-05-21,796023.682633
2017-05-20,868584.68065
2017-05-19,744481.157247
2017-05-18,878322.264131
2017-05-17,597199.241224
2017-05-16,563985.943401
2017-05-15,528411.925777
2017-05-14,533692.385846
2017-05-13,554081.090837
2017-05-12,509112.958726
2017-05-11,534621.62624
2017-05-10,521483.134758
2017-05-09,519173.220066
2017-05-08,425490.462487
2017-05-07,462776.615078
2017-05-06,400678.370479
2017-05-05,463189.996836
2017-05-04,372889.603326
2017-05-03,395951.671027
2017-05-02,322759.500406
2017-05-01,269664.132925
2017-04-30,342257.228137
2017-04-29,332403.178185
2017-04-28,345012.399541
2017-04-27,332309.265118
2017-04-26,347524.065013
2017-04-25,237376.948155
2017-04-24,230042.782459
2017-04-23,243044.915772
2017-04-22,323937.712974
2017-04-21,297513.726497
2017-04-20,265578.463065
2017-04-19,279134.232532
2017-04-18,224067.002354
2017-04-17,192803.863249
2017-04-16,242681.729605
2017-04-15,283994.265176
2017-04-14,257639.508465
2017-04-13,261226.712043
2017-04-12,280398.2627
2017-04-11,241281.901375
2017-04-10,204747.242535
2017-04-09,203327.106996
2017-04-08,268825.270627
2017-04-07,266263.270748
2017-04-06,268458.855854
2017-04-05,228425.364575
2017-04-04,252360.443189
2017-04-03,199858.317467
2017-04-02,207895.790654
2017-04-01,234876.444491
2017-03-31,211540.666314
2017-03-30,221261.586891
2017-03-29,243693.420807
2017-03-28,201429.507352
2017-03-27,147075.383858
2017-03-26,174323.288511
2017-03-25,216870.200005
2017-03-24,243809.612667
2017-03-23,274752.305603
2017-03-22,278348.688813
2017-03-21,251286.507969
2017-03-20,218556.661062
2017-03-19,204642.004576
2017-03-18,266381.899003
2017-03-17,311535.942127
2017-03-16,297492.320706
2017-03-15,319715.474012
2017-03-14,272517.017258
2017-03-13,233444.027892
2017-03-12,255280.698814
2017-03-11,282188.057935
2017-03-10,282065.433983
2017-03-09,270964.072734
2017-03-08,333761.810702
2017-03-07,305465.432549
2017-03-06,276049.271014
2017-03-05,282289.396776
2017-03-04,334969.051232
2017-03-03,317553.33942
2017-03-02,282143.60192
2017-03-01,270230.994829
2017-02-28,233253.551467
2017-02-27,190522.13189
2017-02-26,219712.850696
2017-02-25,272240.89233
2017-02-24,250387.538776
2017-02-23,206584.267342
2017-02-22,187373.291439
2017-02-21,175137.828549
2017-02-20,136757.352735
2017-02-19,162538.448489
2017-02-18,175596.076004
2017-02-17,177218.598391
2017-02-16,135912.169459
2017-02-15,142796.004703
2017-02-14,136524.864066
2017-02-13,102392.267128
2017-02-12,117314.16978
2017-02-11,140731.199743
2017-02-10,170353.602062
2017-02-09,164672.177428
2017-02-08,179379.925315
2017-02-07,158416.131289
2017-02-06,137894.547235
2017-02-05,143854.136461
2017-02-04,164532.682732
2017-02-03,143353.577707
2017-02-02,151807.396792
2017-02-01,140406.118801
2017-01-31,126212.810582
2017-01-30,109453.853077
2017-01-29,112560.714659
2017-01-28,104654.499037
2017-01-27,114661.78979
2017-01-26,121029.082744
2017-01-25,127281.030395
2017-01-24,101569.93729
2017-01-23,79971.446529
2017-01-22,87410.2795134
2017-01-21,94113.0323311
2017-01-20,101146.044264
2017-01-19,95262.66
2017-01-18,98890.22
2017-01-17,86033.8
2017-01-16,67484.78
2017-01-15,70814.23
2017-01-14,81080.01
2017-01-13,85509.46
2017-01-12,87793.92
2017-01-11,109311.71
2017-01-10,91841.33
2017-01-09,83660.1
2017-01-08,96609.39
2017-01-07,113153.75
2017-01-06,114531.97
2017-01-05,222453.85
2017-01-04,121327.72
2017-01-03,116470.06
2017-01-02,65352.83
2017-01-01,79307.68
2016-12-31,95701.05
2016-12-30,103782.2
2016-12-29,101994.27
2016-12-28,92964.04
2016-12-27,79479.53
2016-12-26,56026.75
2016-12-25,74754.32
2016-12-24,90748.44
2016-12-23,91348.1
2016-12-22,94960.25
2016-12-21,80985.75
2016-12-20,82824.88
2016-12-19,63873.34
2016-12-18,64594.99
2016-12-17,76458.06
2016-12-16,78065.94
2016-12-15,73438.2
2016-12-14,76116.78
2016-12-13,72345.24
2016-12-12,72345.24
2016-12-11,67129.09
2016-12-10,74201.93
2016-12-09,73911.51
2016-12-08,82576.61
2016-12-07,90287.85
2016-12-06,80234.83
2016-12-05,70908.95
2016-12-04,77275.43
2016-12-03,93878.44
2016-12-02,77382.51
2016-12-01,73650.25
2016-11-30,74956.15
2016-11-29,80156.94
2016-11-28,58660.41
2016-11-27,75125.33
2016-11-26,102231.03
2016-11-25,101154.12
2016-11-24,80623.34
2016-11-23,75933.68
2016-11-22,70565.53
2016-11-21,53800.79
2016-11-20,54346.55
2016-11-19,62564.85
2016-11-18,65570.15
2016-11-17,59006.83
2016-11-16,58027.08
2016-11-15,56142.37
2016-11-14,44437.7
2016-11-13,46356.72
2016-11-12,52065.08
2016-11-11,58828.7
2016-11-10,60667.17
2016-11-09,63535.53
2016-11-08,64349.7
2016-11-07,51302.19
2016-11-06,52860.33
2016-11-05,59713.46
2016-11-04,54663.4
2016-11-03,58839.31
2016-11-02,57930.91
2016-11-01,53794.58
2016-10-31,44319.17
2016-10-30,52426.65
2016-10-29,56748.55
2016-10-28,76108.16
2016-10-27,84297.0
2016-10-26,65181.3
2016-10-25,53149.62
2016-10-24,44466.48
2016-10-23,44243.56
2016-10-22,48338.88
2016-10-21,56514.57
2016-10-20,39825.4
2016-10-19,49355.05
2016-10-18,46292.05
2016-10-17,37076.17
2016-10-16,40039.36
2016-10-15,43619.1
2016-10-14,42783.63
2016-10-13,44008.04
2016-10-12,51765.57
2016-10-11,42296.78
2016-10-10,35878.0
2016-10-09,41907.55
2016-10-08,45091.12
2016-10-07,47728.73
2016-10-06,44649.57
2016-10-05,43389.51
2016-10-04,46374.41
2016-10-03,32570.7
2016-10-02,36068.08
2016-10-01,41820.63
2016-09-30,41513.03
2016-09-29,39132.1
2016-09-28,38434.98
2016-09-27,36865.54
2016-09-26,30018.41
2016-09-25,35867.01
2016-09-24,36258.01
2016-09-23,37435.46
2016-09-22,38849.77
2016-09-21,42277.38
2016-09-20,40299.08
2016-09-19,32559.04
2016-09-18,35060.67
2016-09-17,39391.03
2016-09-16,36564.51
2016-09-15,38286.01
2016-09-14,41984.34
2016-09-13,34173.6
2016-09-12,28946.02
2016-09-11,32154.54
2016-09-10,40183.97
2016-09-09,37564.41
2016-09-08,39478.48
2016-09-07,37238.26
2016-09-06,38609.83
2016-09-05,28683.08
2016-09-04,31408.1
2016-09-03,33260.97
2016-09-02,36446.78
2016-09-01,36031.47
2016-08-31,39542.12
2016-08-30,37004.69
2016-08-29,28093.07
2016-08-28,31521.6
2016-08-27,36096.45
2016-08-26,37308.91
2016-08-25,38135.38
2016-08-24,39516.27
2016-08-23,38861.26
2016-08-22,29400.11
2016-08-21,35966.96
2016-08-20,46316.76
2016-08-19,43766.5
2016-08-18,42161.94
2016-08-17,48554.06
2016-08-16,38648.62
2016-08-15,35099.89
2016-08-14,37180.24
2016-08-13,41360.39
2016-08-12,47288.4
2016-08-11,44590.98
2016-08-10,45482.48
2016-08-09,52364.13
2016-08-08,39694.65
2016-08-07,35314.51
2016-08-06,42991.55
2016-08-05,40052.17
2016-08-04,43252.44
2016-08-03,49378.32
2016-08-02,44275.62
2016-08-01,45307.67
2016-07-31,43021.93
2016-07-30,47624.67
2016-07-29,47474.69
2016-07-28,49136.91
2016-07-27,46327.77
2016-07-26,45728.93
2016-07-25,34057.56
2016-07-24,39272.68
2016-07-23,42281.48
2016-07-22,40177.41
2016-07-21,42831.11
2016-07-20,41824.04
2016-07-19,40361.58
2016-07-18,32557.41
2016-07-17,33605.55
2016-07-16,36841.47
2016-07-15,38613.99
2016-07-14,35233.5
2016-07-13,34693.7
2016-07-12,37267.31
2016-07-11,25057.02
2016-07-10,30883.73
2016-07-09,37899.62
2016-07-08,36120.53
2016-07-07,37648.65
2016-07-06,37297.89
2016-07-05,37332.66
2016-07-04,30007.33
2016-07-03,37290.97
2016-07-02,39710.1
2016-07-01,42283.35
2016-06-30,39504.92
2016-06-29,37971.31
2016-06-28,40079.08
2016-06-27,34404.94
2016-06-26,41508.38
2016-06-25,49109.82
2016-06-24,47124.46
2016-06-23,46521.61
2016-06-22,51262.51
2016-06-21,57110.04
2016-06-20,48372.96
2016-06-19,53689.14
2016-06-18,58817.56
2016-06-17,63186.55
2016-06-16,58799.17
2016-06-15,47821.1
2016-06-14,27333.3747181
2016-06-13,34932.2309703
2016-06-12,27711.1043396
2016-06-11,30602.5748653
2016-06-10,30704.8168206
2016-06-09,29171.1544698
2016-06-08,32637.0616951
2016-06-07,30475.5756607
2016-06-06,25465.8900959
2016-06-05,26646.6157933
2016-06-04,31067.6516407
2016-06-03,31608.4211414
2016-06-02,30310.10999
2016-06-01,27799.9896737
2016-05-31,30380.9574504
2016-05-30,24576.2366456
2016-05-29,27344.9314117
2016-05-28,33339.8425439
2016-05-27,25184.0169475
2016-05-26,26820.9609971
2016-05-25,26511.6897434
2016-05-24,24202.8164635
2016-05-23,18924.9734804
2016-05-22,25224.7779531
2016-05-21,22762.4231888
2016-05-20,24298.2941303
2016-05-19,26389.62999
2016-05-18,26467.2867918
2016-05-17,27527.3746427
2016-05-16,20849.0623546
2016-05-15,21872.6502246
2016-05-14,21736.4864563
2016-05-13,21258.3117057
2016-05-12,20763.7232149
2016-05-11,21645.835794
2016-05-10,18680.0644833
2016-05-09,15648.8080406
2016-05-08,17267.6320027
2016-05-07,20519.5067123
2016-05-06,19849.4232618
2016-05-05,21103.2720958
2016-05-04,20233.8008836
2016-05-03,20033.916987
2016-05-02,15591.8203135
2016-05-01,18279.965847
2016-04-30,22771.3189884
2016-04-29,22329.1552635
2016-04-28,20626.1349353
2016-04-27,158063.23922
2016-04-26,20084.4284148
2016-04-25,15283.6199049
2016-04-24,14960.7013461
2016-04-23,19092.5405706
2016-04-22,19312.3623997
2016-04-21,19115.7548202
2016-04-20,18563.0608575
2016-04-19,18954.0238492
2016-04-18,14285.9349542
2016-04-17,15773.4423838
2016-04-16,19626.9791207
2016-04-15,19595.4139765
2016-04-14,19280.6353622
2016-04-13,21347.5301874
2016-04-12,19752.4959451
2016-04-11,13999.1470877
2016-04-10,15941.9422466
2016-04-09,18411.5117525
2016-04-08,24794.2217302
2016-04-07,18940.4638065
2016-04-06,20774.1954144
2016-04-05,18316.4084283
2016-04-04,18710.0005128
2016-04-03,23486.8543651
2016-04-02,19168.6024597
2016-04-01,18558.3749212
2016-03-31,21955.775047
2016-03-30,21413.6401093
2016-03-29,17986.3526447
2016-03-28,14244.5311987
2016-03-27,14423.4018971
2016-03-26,14043.4695152
2016-03-25,16216.2669367
2016-03-24,16171.2529913
2016-03-23,18169.7135321
2016-03-22,15866.9845162
2016-03-21,13495.1635143
2016-03-20,15438.8092834
2016-03-19,17412.1144817
2016-03-18,19368.1608104
2016-03-17,20014.7228429
2016-03-16,17713.7503884
2016-03-15,17713.7503884
2016-03-14,18144.8028912
2016-03-13,12088.6292351
2016-03-12,17363.9281263
2016-03-11,18069.1640272
2016-03-10,21731.244101
2016-03-09,18120.6058581
2016-03-08,18180.5009084
2016-03-07,16820.8264659
2016-03-06,25276.2918748
2016-03-05,21909.4655893
2016-03-04,30648.995196
2016-03-03,33258.0078687
2016-03-02,24184.1055224
2016-03-01,23314.9203393
2016-02-29,18474.3918406
2016-02-28,16506.513612
2016-02-27,18309.6804036
2016-02-26,20093.5072639
2016-02-25,19003.857781
2016-02-24,20106.6302504
2016-02-23,19088.9880205
2016-02-22,17672.2183662
2016-02-21,18938.1167013
2016-02-20,19361.9313974
2016-02-19,17882.1886476
2016-02-18,18709.7723173
2016-02-17,17000.5619572
2016-02-16,16180.8379063
2016-02-15,13934.8739606
2016-02-14,14300.5313535
2016-02-13,15213.2752236
2016-02-12,16706.8685054
2016-02-11,16859.3010397
2016-02-10,15823.359473
2016-02-09,15371.3494293
2016-02-08,14442.4392488
2016-02-07,15752.6351037
2016-02-06,15864.6796782
2016-02-05,15886.7016447
2016-02-04,17982.076808
2016-02-03,21554.835037
2016-02-02,18982.546758
2016-02-01,11877.3810898
2016-01-31,16587.4063519
2016-01-30,17119.6856521
2016-01-29,19154.1262526
2016-01-28,18791.560472
2016-01-27,18698.1478072
2016-01-26,17254.4793523
2016-01-25,15019.2492232
2016-01-24,16303.4899008
2016-01-23,19454.4764836
2016-01-22,18348.4119065
2016-01-21,18931.1331448
2016-01-20,15193.1956737
2016-01-19,14872.1051857
2016-01-18,13154.1060105
2016-01-17,12989.1486154
2016-01-16,13927.8148592
2016-01-15,14009.9557014
2016-01-14,14668.947004
2016-01-13,15492.483008
2016-01-12,15174.2971841
2016-01-11,12869.7422558
2016-01-10,13351.363431
2016-01-09,16001.9270138
2016-01-08,15470.7539894
2016-01-07,13004.2657791
2016-01-06,14363.4639856
2016-01-05,12575.6588663
2016-01-04,10210.5244178
2016-01-03,12947.0086541
2016-01-02,8532.32986334
2016-01-01,11653.8040461
2015-12-31,13565.0821145
2015-12-30,13828.1064398
2015-12-29,12778.9745152
2015-12-28,11294.4529657
2015-12-27,12053.2206791
2015-12-26,13859.7296922
2015-12-25,18282.3946883
2015-12-24,17629.3681751
2015-12-23,16683.9745824
2015-12-22,17786.9580431
2015-12-21,14171.0285578
2015-12-20,16572.6632066
2015-12-19,17405.6460773
2015-12-18,16878.9068506
2015-12-17,17788.5409263
2015-12-16,18103.0156559
2015-12-15,17595.2492482
2015-12-14,14483.6255636
2015-12-13,17885.2984298
2015-12-12,17607.2356654
2015-12-11,14673.8232279
2015-12-10,15458.290161
2015-12-09,12684.5947829
2015-12-08,12751.4705075
2015-12-07,11731.3452282
2015-12-06,11731.3452282
2015-12-05,12356.4648582
2015-12-04,11302.9415572
2015-12-03,11343.5530406
2015-12-02,11737.3255022
2015-12-01,12010.5565644
2015-11-30,7873.12518449
2015-11-29,9910.39874821
2015-11-28,9139.05634312
2015-11-27,10156.5363703
2015-11-26,8313.61386375
2015-11-25,8009.8604582
2015-11-24,8278.23258615
2015-11-23,7183.81720133
2015-11-22,8206.74428934
2015-11-21,8236.08068945
2015-11-20,8393.54918724
2015-11-19,9584.31125254
2015-11-18,8939.39133497
2015-11-17,8519.28251941
2015-11-16,7281.41888004
2015-11-15,8308.53091224
2015-11-14,8716.19003099
2015-11-13,8471.39356295
2015-11-12,9385.12895913
2015-11-11,9676.74358825
2015-11-10,10692.018092
2015-11-09,9225.35580897
2015-11-08,10554.6608667
2015-11-07,12629.4347503
2015-11-06,14260.120288
2015-11-05,20331.0883655
2015-11-04,13459.5950522
2015-11-03,10535.2988423
2015-11-02,8603.23935719
2015-11-01,8818.10064433
2015-10-31,10933.4286728
2015-10-30,10393.6753225
2015-10-29,8660.41688916
2015-10-28,8853.50509101
2015-10-27,7205.54405975
2015-10-26,7138.3112818
2015-10-25,8010.31950751
2015-10-24,7812.09513494
2015-10-23,8018.24665925
2015-10-22,8323.19228859
2015-10-21,8052.30962715
2015-10-20,7105.96879316
2015-10-19,6065.48399957
2015-10-18,6065.48399957
2015-10-17,7641.03137489
2015-10-16,7149.9324942
2015-10-15,7470.92928949
2015-10-14,6623.10033755
2015-10-13,6319.73844257
2015-10-12,5857.40112366
2015-10-11,4912.27590333
2015-10-10,6266.50068779
2015-10-09,5757.35029093
2015-10-08,6441.20692488
2015-10-07,6585.73225146
2015-10-06,5869.09246986
2015-10-05,5345.48074504
2015-10-04,4505.63945835
2015-10-03,5946.60510791
2015-10-02,5857.14266683
2015-10-01,7059.83127143
2015-09-30,6698.23914341
2015-09-29,6166.31381088
2015-09-28,6210.94262753
2015-09-27,4886.80830141
2015-09-26,6395.93038102
2015-09-25,5675.69307981
2015-09-24,6415.77571948
2015-09-23,6132.03412153
2015-09-22,6070.15711165
2015-09-21,4719.7221201
2015-09-20,5243.50918276
2015-09-19,6191.5630115
2015-09-18,6136.97173596
2015-09-17,6183.90378261
2015-09-16,6840.6076221
2015-09-15,6975.36267081
2015-09-14,5842.28767984
2015-09-13,8886.71205541
2015-09-12,6956.70531217
2015-09-11,6882.8326629
2015-09-10,6339.72266071
2015-09-09,6896.59361872
2015-09-08,6271.1385829
2015-09-07,5266.46304338
2015-09-06,7525.51395867
2015-09-05,5064.15403514
2015-09-04,8288.54366406
2015-09-03,10180.6267698
2015-09-02,6585.02682983
2015-09-01,5783.20305957
2015-08-31,3989.14019989
2015-08-30,5249.5311328
2015-08-29,5640.51606039
2015-08-28,5381.60548996
2015-08-27,5876.51650143
2015-08-26,5698.83780964
2015-08-25,5288.64100417
2015-08-24,4673.77633831
2015-08-23,5191.94459321
2015-08-22,5521.50789734
2015-08-21,5862.19390534
2015-08-20,5780.00966658
2015-08-19,6545.81817293
2015-08-18,5801.016315
2015-08-17,4710.49151665
2015-08-16,4710.49151665
2015-08-15,5997.57722124
2015-08-14,6306.63395449
2015-08-13,6726.89605568
2015-08-12,6749.03060544
2015-08-11,7087.55509281
2015-08-10,7043.81346817
2015-08-09,4897.43032873
2015-08-08,6218.84559631
2015-08-07,8282.84863016
2015-08-06,9947.34079611
2015-08-05,9735.99990213
2015-08-04,9709.8361368
2015-08-03,6951.06522032
2015-08-02,6515.20220729
2015-08-01,9974.88710447
2015-07-31,10321.7102877
2015-07-30,9840.64605779
2015-07-29,10958.4641786
2015-07-28,7995.08564553
2015-07-27,9027.93792668
2015-07-26,5646.59638219
2015-07-25,6113.29180511
2015-07-24,6843.30081217
2015-07-23,7273.63287211
2015-07-22,8225.1443583
2015-07-21,7833.42703669
2015-07-20,9552.72722311
2015-07-19,5235.22369319
2015-07-18,12456.0430405
2015-07-17,6908.20570939
2015-07-16,7497.91991796
2015-07-15,8151.98238006
2015-07-14,8204.89105913
2015-07-13,9872.97979355
2015-07-12,14095.1319417
2015-07-11,10841.5635781
2015-07-10,11190.1475165
2015-07-09,11490.5873621
2015-07-08,13497.9535372
2015-07-07,11930.3213242
2015-07-06,8011.26011709
2015-07-05,4913.96267065
2015-07-04,5092.01524017
2015-07-03,6423.05146467
2015-07-02,5598.11927533
2015-07-01,6046.71527986
2015-06-30,7200.93871988
2015-06-29,4475.69953731
2015-06-28,3817.46075835
2015-06-27,4228.76903617
2015-06-26,4358.97538558
2015-06-25,4029.4073611
2015-06-24,4029.65040573
2015-06-23,5592.78494909
2015-06-22,5722.51477246
2015-06-21,3192.2818598
2015-06-20,5504.76537827
2015-06-19,7152.92603341
2015-06-18,4901.48922191
2015-06-17,6234.3192293
2015-06-16,4846.14511326
2015-06-15,4378.94650035
2015-06-14,3711.71034889
2015-06-13,4037.5623582
2015-06-12,4169.79755568
2015-06-11,4176.37903387
2015-06-10,4609.49519882
2015-06-09,3839.21005993
2015-06-08,3484.92129228
2015-06-07,3037.38916732
2015-06-06,3424.71083174
2015-06-05,3625.01069824
2015-06-04,3941.05713824
2015-06-03,4041.99815319
2015-06-02,4293.95092291
2015-06-01,10062.9958771
2015-05-31,3163.52360315
2015-05-30,4191.16296606
2015-05-29,4133.93627085
2015-05-28,3813.83283881
2015-05-27,3783.18402605
2015-05-26,4186.9269086
2015-05-25,3650.04907001
2015-05-24,3065.18302658
2015-05-23,3216.7617163
2015-05-22,3684.74010795
2015-05-21,3413.28820868
2015-05-20,3678.35055794
2015-05-19,3587.84745863
2015-05-18,3511.70730843
2015-05-17,2908.06087416
2015-05-16,3264.590284
2015-05-15,3583.3761612
2015-05-14,3383.78409867
2015-05-13,3739.64430008
2015-05-12,4045.92024487
2015-05-11,3951.0792001
2015-05-10,3642.33969263
2015-05-09,3564.58816882
2015-05-08,3883.67914064
2015-05-07,3827.66335149
2015-05-06,3776.62554186
2015-05-05,3763.32336362
2015-05-04,3293.21053023
2015-05-03,2977.08930466
2015-05-02,3295.32253565
2015-05-01,3571.8947505
2015-04-30,3783.08224189
2015-04-29,3900.51516681
2015-04-28,3518.09137126
2015-04-27,3382.5234045
2015-04-26,2904.38277201
2015-04-25,22851.7635397
2015-04-24,3747.83083109
2015-04-23,3479.17537656
2015-04-22,3826.95473611
2015-04-21,3780.29255736
2015-04-20,3586.38597549
2015-04-19,2723.2836166
2015-04-18,3093.22600086
2015-04-17,3178.85003526
2015-04-16,3448.9308315
2015-04-15,3301.88987449
2015-04-14,3660.52413168
2015-04-13,3596.26288856
2015-04-12,3399.32036528
2015-04-11,4048.81168796
2015-04-10,7025.86492225
2015-04-09,4160.56344934
2015-04-08,3805.77080084
2015-04-07,4134.95350824
2015-04-06,3900.12327737
2015-04-05,3677.42480187
2015-04-04,3821.90873138
2015-04-03,3719.30912219
2015-04-02,4042.8413425
2015-04-01,4396.66548094
2015-03-31,3579.70942772
2015-03-30,3630.3709309
2015-03-29,2975.89491075
2015-03-28,3243.74695398
2015-03-27,3823.35553461
2015-03-26,3546.40187531
2015-03-25,3763.26719573
2015-03-24,3551.13930678
2015-03-23,4623.21715401
2015-03-22,3136.32975759
2015-03-21,3782.96022283
2015-03-20,4184.07479644
2015-03-19,4178.8219817
2015-03-18,4041.45891517
2015-03-17,4234.75538056
2015-03-16,4085.08805834
2015-03-15,3361.64895641
2015-03-14,3519.06383478
2015-03-13,4018.01319295
2015-03-12,4269.99042723
2015-03-11,4535.96693097
2015-03-10,4943.99175824
2015-03-09,4028.59732613
2015-03-08,3599.34760234
2015-03-07,3743.96746628
2015-03-06,4683.69832852
2015-03-05,3773.38572523
2015-03-04,4251.15698013
2015-03-03,4227.61747407
2015-03-02,4243.18631699
2015-03-01,3136.46816849
2015-02-28,3470.7543135
2015-02-27,3600.63690082
2015-02-26,3426.23193588
2015-02-25,3612.0252118
2015-02-24,3495.96630674
2015-02-23,3280.73784678
2015-02-22,2937.43433576
2015-02-21,3539.65021842
2015-02-20,3391.47096297
2015-02-19,3313.58945339
2015-02-18,3594.49198388
2015-02-17,3693.20222924
2015-02-16,3666.28148257
2015-02-15,3277.99832054
2015-02-14,4091.32987245
2015-02-13,3824.58254007
2015-02-12,2992.52808239
2015-02-11,3254.96788256
2015-02-10,3122.8840084
2015-02-09,3037.86018764
2015-02-08,2559.77105499
2015-02-07,2724.7458832
2015-02-06,2524.43109914
2015-02-05,2721.36703641
2015-02-04,2747.77699331
2015-02-03,3180.10787363
2015-02-02,2703.73260558
2015-02-01,2429.1271243
2015-01-31,2792.19138082
2015-01-30,2754.39576229
2015-01-29,2751.84156167
2015-01-28,3062.79013155
2015-01-27,3682.32889568
2015-01-26,4433.44837382
2015-01-25,3036.27128577
2015-01-24,2979.8533898
2015-01-23,3068.69851874
2015-01-22,3146.42829197
2015-01-21,3005.94810517
2015-01-20,3070.32745398
2015-01-19,3356.72419891
2015-01-18,2692.59911276
2015-01-17,2492.77391194
2015-01-16,3262.11296027
2015-01-15,3609.50375101
2015-01-14,2802.02849457
2015-01-13,3336.15184702
2015-01-12,8812.7847828
2015-01-11,3892.73217721
2015-01-10,4292.49212092
2015-01-09,4468.88280181
2015-01-08,4000.83590499
2015-01-07,3710.56332931
2015-01-06,3558.72558338
2015-01-05,4696.48873218
2015-01-04,5496.65683764
2015-01-03,3599.56754876
2015-01-02,3391.56072367
2015-01-01,2526.57105216
2014-12-31,3951.30230037
2014-12-30,4367.87208048
2014-12-29,4423.50107313
2014-12-28,3823.5464169
2014-12-27,6106.08901654
2014-12-26,5390.44014869
2014-12-25,3080.72822044
2014-12-24,4061.22684539
2014-12-23,4754.93087048
2014-12-22,4365.00595534
2014-12-21,3706.78107872
2014-12-20,4201.32320004
2014-12-19,4543.301707
2014-12-18,4989.11130552
2014-12-17,4404.1466966
2014-12-16,4911.42051325
2014-12-15,5211.58100988
2014-12-14,3781.42609213
2014-12-13,3838.83124682
2014-12-12,4078.86615581
2014-12-11,4341.8040253
2014-12-10,4444.20350029
2014-12-09,5233.10167832
2014-12-08,4632.47651037
2014-12-07,4093.94903019
2014-12-06,4367.19245567
2014-12-05,5129.87746689
2014-12-04,5222.42120045
2014-12-03,5138.53653084
2014-12-02,5428.72816018
2014-12-01,5344.8671639
2014-11-30,4397.40448524
2014-11-29,4354.25010164
2014-11-28,4384.35029014
2014-11-27,4391.77096737
2014-11-26,4839.45349797
2014-11-25,4652.26671196
2014-11-24,4799.7336
2014-11-23,4161.56505349
2014-11-22,4167.39852165
2014-11-21,4675.28641334
2014-11-20,4666.66262335
2014-11-19,5030.12734809
2014-11-18,4986.96868483
2014-11-17,5522.2945361
2014-11-16,4315.34557325
2014-11-15,4287.80149449
2014-11-14,5419.53383923
2014-11-13,6414.7846017
2014-11-12,5840.3340251
2014-11-11,4882.58499288
2014-11-10,4837.43395504
2014-11-09,5375.386427
2014-11-08,3950.49562533
2014-11-07,4856.81615082
2014-11-06,4737.70787904
2014-11-05,4597.99867706
2014-11-04,5570.26243469
2014-11-03,4181.38109152
2014-11-02,4049.49133337
2014-11-01,4311.69077491
2014-10-31,4504.4809865
2014-10-30,4842.74656208
2014-10-29,4657.45415917
2014-10-28,4870.15982285
2014-10-27,4565.67153607
2014-10-26,3824.65413303
2014-10-25,4034.45961398
2014-10-24,4673.59333579
2014-10-23,4580.89552724
2014-10-22,4812.21741753
2014-10-21,5027.96621412
2014-10-20,4713.35929661
2014-10-19,4010.11942115
2014-10-18,4348.00371105
2014-10-17,4454.61239902
2014-10-16,4607.98505087
2014-10-15,4980.76876546
2014-10-14,5391.83476333
2014-10-13,4897.94007921
2014-10-12,4038.57349228
2014-10-11,3784.48662565
2014-10-10,4813.88795673
2014-10-09,5059.60274198
2014-10-08,4528.14011892
2014-10-07,4388.03376537
2014-10-06,4072.55292835
2014-10-05,3357.30947714
2014-10-04,4401.59908944
2014-10-03,4254.07372091
2014-10-02,4437.42125542
2014-10-01,4867.64474316
2014-09-30,4719.44376577
2014-09-29,4375.74647295
2014-09-28,4210.6858094
2014-09-27,4547.67323181
2014-09-26,19219.5607286
2014-09-25,5336.88848526
2014-09-24,5796.62145025
2014-09-23,4910.12956413
2014-09-22,4365.29211105
2014-09-21,3985.77704149
2014-09-20,4142.83884639
2014-09-19,4446.792301
2014-09-18,5334.99671616
2014-09-17,5499.51116288
2014-09-16,6895.390086
2014-09-15,5678.27420986
2014-09-14,4952.76702311
2014-09-13,4739.83984258
2014-09-12,4914.07922624
2014-09-11,4818.59303233
2014-09-10,7112.8089013
2014-09-09,6067.0751115
2014-09-08,5396.97292887
2014-09-07,9355.57886703
2014-09-06,5046.60730329
2014-09-05,5206.04241251
2014-09-04,5421.91447818
2014-09-03,5334.53992037
2014-09-02,5519.59491242
2014-09-01,4973.26719083
2014-08-31,4312.69799311
2014-08-30,4911.11509481
2014-08-29,5232.57511383
2014-08-28,5431.02548311
2014-08-27,5978.39881175
2014-08-26,6717.43857067
2014-08-25,7219.65467774
2014-08-24,4421.46933893
2014-08-23,4643.7333798
2014-08-22,5623.01596709
2014-08-21,6279.94331355
2014-08-20,6098.04461707
2014-08-19,6277.74032438
2014-08-18,5000.69203175
2014-08-17,18346.2045533
2014-08-16,7481.78060622
2014-08-15,5466.66276086
2014-08-14,6588.33282664
2014-08-13,6931.60280898
2014-08-12,7079.29517998
2014-08-11,6765.24967469
2014-08-10,5669.60731488
2014-08-09,5825.35153374
2014-08-08,6532.91021546
2014-08-07,6587.21103691
2014-08-06,7521.06808906
2014-08-05,7050.17154142
2014-08-04,6002.96097613
2014-08-03,4934.78779861
2014-08-02,5538.19430049
2014-08-01,6548.91238814
2014-07-31,6460.56830574
2014-07-30,6227.96017472
2014-07-29,6194.8696433
2014-07-28,5695.933345
2014-07-27,5199.67891521
2014-07-26,5665.79237882
2014-07-25,6145.45130704
2014-07-24,6392.3619695
2014-07-23,6988.35136823
2014-07-22,7363.7970232
2014-07-21,6204.00862512
2014-07-20,5929.55651593
2014-07-19,6597.3797763
2014-07-18,7309.95433544
2014-07-17,7976.2927755
2014-07-16,7639.40464367
2014-07-15,7401.92511884
2014-07-14,7068.89703658
2014-07-13,5882.25481739
2014-07-12,5697.41890407
2014-07-11,7011.2048835
2014-07-10,6957.73369619
2014-07-09,7458.20002439
2014-07-08,7619.65706017
2014-07-07,6497.22634827
2014-07-06,5868.55462117
2014-07-05,5227.24842701
2014-07-04,6728.72623627
2014-07-03,7137.18377817
2014-07-02,8981.6688771
2014-07-01,8091.15506197
2014-06-30,6763.8544058
2014-06-29,5271.12232808
2014-06-28,5898.1658927
2014-06-27,6063.66968767
2014-06-26,6473.80378176
2014-06-25,6552.0645498
2014-06-24,6817.09443852
2014-06-23,5867.97745944
2014-06-22,5618.18143594
2014-06-21,5389.68988189
2014-06-20,6676.81248514
2014-06-19,7636.74262418
2014-06-18,7395.8041073
2014-06-17,7164.88260765
2014-06-16,6621.5342788
2014-06-15,5234.16425942
2014-06-14,5552.3899857
2014-06-13,7114.53609324
2014-06-12,7498.58357647
2014-06-11,7011.75491322
2014-06-10,7924.26409371
2014-06-09,6689.08685298
2014-06-08,5678.60649232
2014-06-07,5967.74385652
2014-06-06,7421.89294149
2014-06-05,8066.4677424
2014-06-04,7907.48633768
2014-06-03,9245.44271922
2014-06-02,6892.82497217
2014-06-01,7211.30885426
2014-05-31,6166.50936875
2014-05-30,7348.08421927
2014-05-29,7038.68844984
2014-05-28,7608.02066481
2014-05-27,7176.1000274
2014-05-26,6958.8809572
2014-05-25,5503.95998975
2014-05-24,6312.87397105
2014-05-23,6852.99895684
2014-05-22,6661.46291109
2014-05-21,6569.77345585
2014-05-20,6159.02431687
2014-05-19,4786.72175389
2014-05-18,3991.03708663
2014-05-17,4397.26377637
2014-05-16,5403.85128017
2014-05-15,5727.03118767
2014-05-14,5389.53021668
2014-05-13,5728.43182309
2014-05-12,5625.77266843
2014-05-11,4056.26292225
2014-05-10,4917.05103489
2014-05-09,7171.81743941
2014-05-08,5996.16357467
2014-05-07,5976.33508283
2014-05-06,6545.81622357
2014-05-05,5291.94388994
2014-05-04,4361.31678058
2014-05-03,4783.01662575
2014-05-02,5150.61113598
2014-05-01,5528.03530927
2014-04-30,5628.08210049
2014-04-29,5448.78040022
2014-04-28,5516.12287014
2014-04-27,4962.16721903
2014-04-26,4882.31418638
2014-04-25,6613.46140328
2014-04-24,6973.49476799
2014-04-23,6959.17703311
2014-04-22,7603.6214681
2014-04-21,5764.29844417
2014-04-20,5395.31597128
2014-04-19,6651.93149757
2014-04-18,5815.7568091
2014-04-17,7562.2251276
2014-04-16,7679.95997175
2014-04-15,8036.04637083
2014-04-14,6522.58444836
2014-04-13,3768.84944955
2014-04-12,4214.77186071
2014-04-11,6235.83507035
2014-04-10,8542.50246667
2014-04-09,5883.33641889
2014-04-08,6855.0821941
2014-04-07,6226.36524755
2014-04-06,4214.39861598
2014-04-05,5493.19812041
2014-04-04,6068.47870281
2014-04-03,5990.16059513
2014-04-02,5825.3032317
2014-04-01,6017.20262924
2014-03-31,5461.25217606
2014-03-30,4827.17510095
2014-03-29,4954.98886998
2014-03-28,6422.10296599
2014-03-27,7151.88630154
2014-03-26,9126.1601873
2014-03-25,8359.93621912
2014-03-24,7075.40917512
2014-03-23,8161.01032987
2014-03-22,8134.69220181
2014-03-21,8731.5059934
2014-03-20,8071.4804152
2014-03-19,7551.55620305
2014-03-18,6650.07038322
2014-03-17,9067.38302852
2014-03-16,6594.49904355
2014-03-15,7496.34735877
2014-03-14,8915.63430374
2014-03-13,9549.05298705
2014-03-12,11094.9203515
2014-03-11,9625.28955757
2014-03-10,8978.2413979
2014-03-09,7694.59846472
2014-03-08,7906.59619113
2014-03-07,8199.29237841
2014-03-06,9775.05630774
2014-03-05,9775.4834668
2014-03-04,12351.8990199
2014-03-03,9836.74771812
2014-03-02,6214.79846884
2014-03-01,8513.98344634
2014-02-28,8835.00260517
2014-02-27,8146.41089394
2014-02-26,8688.30028413
2014-02-25,9747.04902336
2014-02-24,7619.1758313
2014-02-23,7384.32109694
2014-02-22,7591.29128538
2014-02-21,8321.40216301
2014-02-20,8695.86785459
2014-02-19,8509.27307278
2014-02-18,15249.6485069
2014-02-17,7949.77070964
2014-02-16,6937.40572691
2014-02-15,8955.02106923
2014-02-14,11534.9345983
2014-02-13,8876.02952259
2014-02-12,10636.8316152
2014-02-11,8021.3892157
2014-02-10,8849.24544
2014-02-09,7852.6294011
2014-02-08,8727.03705447
2014-02-07,11591.710745
2014-02-06,11645.5645916
2014-02-05,11105.91608
2014-02-04,11020.6010538
2014-02-03,10098.8917412
2014-02-02,8174.87588189
2014-02-01,10508.3721288
2014-01-31,11273.1403132
2014-01-30,10693.7617536
2014-01-29,11041.8450832
2014-01-28,11064.4322327
2014-01-27,10035.0073776
2014-01-26,9361.6455621
2014-01-25,9986.12980326
2014-01-24,13409.0246113
2014-01-23,13038.2301521
2014-01-22,11329.3117385
2014-01-21,13580.2392726
2014-01-20,11239.769763
2014-01-19,10053.4624475
2014-01-18,10315.240063
2014-01-17,11846.1028349
2014-01-16,11074.46398
2014-01-15,16517.7536336
2014-01-14,10371.2268018
2014-01-13,9919.60033706
2014-01-12,9839.10505007
2014-01-11,11123.3022906
2014-01-10,10623.1918237
2014-01-09,10479.1232246
2014-01-08,11792.2946817
2014-01-07,13334.955467
2014-01-06,27755.818515
2014-01-05,11865.0264499
2014-01-04,10427.9720211
2014-01-03,11742.0848316
2014-01-02,9191.37299198
2014-01-01,6859.32731707
2013-12-31,8357.12097193
2013-12-30,11023.467586
2013-12-29,8192.23498033
2013-12-28,8280.81986367
2013-12-27,9674.66413649
2013-12-26,8649.54053333
2013-12-25,8198.23464515
2013-12-24,8184.94996616
2013-12-23,7318.11114404
2013-12-22,7098.07503678
2013-12-21,9003.47456487
2013-12-20,10722.1798398
2013-12-19,10324.7603287
2013-12-18,10662.5171715
2013-12-17,11390.0590455
2013-12-16,9933.86138491
2013-12-15,9559.85782641
2013-12-14,11430.6314485
2013-12-13,13061.5311239
2013-12-12,12601.497291
2013-12-11,15679.5333565
2013-12-10,18718.0223251
2013-12-09,11165.5129919
2013-12-08,23405.0605648
2013-12-07,14916.0660227
2013-12-06,16617.2490844
2013-12-05,22611.5152538
2013-12-04,24329.011605
2013-12-03,23167.5155338
2013-12-02,19492.558929
2013-12-01,17186.6184786
2013-11-30,24657.828215
2013-11-29,28095.6897079
2013-11-28,33281.2605384
2013-11-27,27037.1415056
2013-11-26,20327.9692627
2013-11-25,15693.7545301
2013-11-24,14645.4614186
2013-11-23,18319.4876361
2013-11-22,17967.6536782
2013-11-21,18468.244914
2013-11-20,14983.0037039
2013-11-19,18224.1654067
2013-11-18,14739.1796013
2013-11-17,6992.7395133
2013-11-16,6693.57878123
2013-11-15,7952.39235178
2013-11-14,9969.1194107
2013-11-13,9512.06770618
2013-11-12,7112.27905151
2013-11-11,21043.5295986
2013-11-10,15583.8566134
2013-11-09,31045.0768251
2013-11-08,35223.3799728
2013-11-07,34438.5081115
2013-11-06,30567.6615064
2013-11-05,11626.1545886
2013-11-04,15167.1452858
2013-11-03,5165.86383699
2013-11-02,4873.23336197
2013-11-01,7195.29897446
2013-10-31,6055.41591769
2013-10-30,7746.71959526
2013-10-29,5284.46504501
2013-10-28,8585.90169811
2013-10-27,8325.15420599
2013-10-26,9643.89803686
2013-10-25,8079.64509661
2013-10-24,9645.66510589
2013-10-23,7333.20658191
2013-10-22,7992.03264746
2013-10-21,6521.48349795
2013-10-20,4622.56448154
2013-10-19,5912.66489536
2013-10-18,6857.81703196
2013-10-17,5661.88861374
2013-10-16,5225.47658028
2013-10-15,6525.94724945
2013-10-14,3360.10861036
2013-10-13,4042.3568361
2013-10-12,4108.4044356
2013-10-11,3610.06688838
2013-10-10,3758.79475018
2013-10-09,3169.53041284
2013-10-08,2003.7981801
2013-10-07,4078.73725322
2013-10-06,2673.22433805
2013-10-05,3245.22246336
2013-10-04,4091.86959218
2013-10-03,4721.73075914
2013-10-02,3697.72974614
2013-10-01,4579.17879128
2013-09-30,3270.86575314
2013-09-29,2530.54810403
2013-09-28,3521.99568089
2013-09-27,10393.9858084
2013-09-26,3470.02313475
2013-09-25,3827.41495037
2013-09-24,3891.1495902
2013-09-23,4474.40939918
2013-09-22,3374.2108857
2013-09-21,3232.98141673
2013-09-20,4461.76222568
2013-09-19,13828.1919656
2013-09-18,38555.5818014
2013-09-17,11600.0334203
2013-09-16,3758.98734568
2013-09-15,3032.17411965
2013-09-14,2723.78885352
2013-09-13,3390.14345819
2013-09-12,3207.20466892
2013-09-11,2930.56181535
2013-09-10,3464.23424962
2013-09-09,3702.89472459
2013-09-08,2667.6856946
2013-09-07,3292.42035466
2013-09-06,4041.57628131
2013-09-05,4234.51425256
2013-09-04,3117.46786904
2013-09-03,4032.76893091
2013-09-02,6136.37520247
2013-09-01,3308.10707003
2013-08-31,4294.77458065
2013-08-30,5404.21232228
2013-08-29,5333.07119456
2013-08-28,29039.8004186
2013-08-27,6104.80596122
2013-08-26,3069.16691752
2013-08-25,3470.64893996
2013-08-24,3053.12282209
2013-08-23,3764.62029132
2013-08-22,4111.87912296
2013-08-21,3747.08957923
2013-08-20,4788.68223543
2013-08-19,3859.74137041
2013-08-18,4448.64045861
2013-08-17,2895.37338582
2013-08-16,4492.56970699
2013-08-15,6292.38479852
2013-08-14,4303.66959566
2013-08-13,3171.33414189
2013-08-12,2534.91806858
2013-08-11,3524.20208601
2013-08-10,3012.43353893
2013-08-09,4690.4460999
2013-08-08,5056.35726801
2013-08-07,3187.06224566
2013-08-06,4332.92018592
2013-08-05,2878.62340819
2013-08-04,3427.22414064
2013-08-03,2908.22203765
2013-08-02,4327.11473342
2013-08-01,3281.13677567
2013-07-31,4777.68309766
2013-07-30,3807.41245653
2013-07-29,3119.31279229
2013-07-28,1973.20248707
2013-07-27,2922.30780695
2013-07-26,2198.20650169
2013-07-25,3354.29712285
2013-07-24,3082.30494885
2013-07-23,3044.34536873
2013-07-22,2018.70489325
2013-07-21,2356.37610484
2013-07-20,1974.31673607
2013-07-19,3085.0203136
2013-07-18,2494.50605443
2013-07-17,3272.87910312
2013-07-16,3299.77183559
2013-07-15,2297.01003896
2013-07-14,3015.8601154
2013-07-13,2412.92515643
2013-07-12,3134.51097321
2013-07-11,2947.14844485
2013-07-10,2063.65604346
2013-07-09,2683.77617676
2013-07-08,2440.85852734
2013-07-07,1228.22952703
2013-07-06,2201.761033
2013-07-05,2267.16865357
2013-07-04,1683.9082386
2013-07-03,2442.33732031
2013-07-02,3320.24413212
2013-07-01,2907.86977348
2013-06-30,1918.45959105
2013-06-29,2472.60993894
2013-06-28,4570.29794479
2013-06-27,3406.04020983
2013-06-26,3990.29506456
2013-06-25,3762.16719238
2013-06-24,3856.89336453
2013-06-23,4376.0371076
2013-06-22,4972.78922193
2013-06-21,6162.30838536
2013-06-20,7009.48837846
2013-06-19,3896.85015472
2013-06-18,3972.6107534
2013-06-17,3523.70961012
2013-06-16,2907.46919
2013-06-15,3798.58227183
2013-06-14,3816.991619
2013-06-13,4244.29825054
2013-06-12,4702.58514956
2013-06-11,5101.88397984
2013-06-10,3589.38660148
2013-06-09,3594.32470509
2013-06-08,4924.90954063
2013-06-07,4465.25923325
2013-06-06,5234.69502687
2013-06-05,7420.77185517
2013-06-04,7823.58578577
2013-06-03,5940.52901049
2013-06-02,5385.697394
2013-06-01,5085.54148989
2013-05-31,6234.30847084
2013-05-30,6119.07308531
2013-05-29,6751.57077771
2013-05-28,7001.95404396
2013-05-27,6339.1913079
2013-05-26,4111.22771085
2013-05-25,7428.67962334
2013-05-24,5521.44721775
2013-05-23,6712.18043196
2013-05-22,6754.77782466
2013-05-21,5266.6297992
2013-05-20,6019.00519223
2013-05-19,5108.67702528
2013-05-18,4881.91200758
2013-05-17,11017.1803938
2013-05-16,6660.67717294
2013-05-15,5708.95826392
2013-05-14,6505.05267342
2013-05-13,7060.31395844
2013-05-12,6748.70290881
2013-05-11,7350.76529715
2013-05-10,7082.89706192
2013-05-09,7498.41045922
2013-05-08,5623.82279483
2013-05-07,4811.25852318
2013-05-06,6168.37729132
2013-05-05,4497.02279477
2013-05-04,4787.33527275
2013-05-03,4583.70866401
2013-05-02,5783.85622903
2013-05-01,4462.79142436
2013-04-30,7594.46303741
2013-04-29,5069.95886337
2013-04-28,4429.25158102
2013-04-27,5449.97770066
2013-04-26,6894.92270299
2013-04-25,7673.54193846
2013-04-24,12199.283967
2013-04-23,5726.5354558
2013-04-22,5667.72310413
2013-04-21,4212.98272125
2013-04-20,5900.57699502
2013-04-19,6258.58015741
2013-04-18,7333.16160124
2013-04-17,4696.40221698
2013-04-16,4341.3969781
2013-04-15,6973.64906511
2013-04-14,4617.50537703
2013-04-13,4865.97470521
2013-04-12,4223.18085196
2013-04-11,7679.26519511
2013-04-10,13845.0417613
2013-04-09,10284.6535111
2013-04-08,8951.92304144
2013-04-07,8117.32903118
2013-04-06,6002.26976002
2013-04-05,7572.55574879
2013-04-04,10510.4024651
2013-04-03,10092.1519208
2013-04-02,6264.56148042
2013-04-01,5436.78688323
2013-03-31,5022.0284315
2013-03-30,4181.05732963
2013-03-29,6794.08148145
2013-03-28,4249.31118988
2013-03-27,5228.32241773
2013-03-26,3429.52885938
2013-03-25,3499.61461825
2013-03-24,2706.85333873
2013-03-23,3906.79441425
2013-03-22,4621.23095005
2013-03-21,3453.43181072
2013-03-20,2165.25537926
2013-03-19,3092.33694263
2013-03-18,1733.19303034
2013-03-17,1471.50932009
2013-03-16,1787.67989538
2013-03-15,2961.74253062
2013-03-14,2628.21290546
2013-03-13,2949.15880093
2013-03-12,2267.35784968
2013-03-11,2714.00160605
2013-03-10,3003.93490988
2013-03-09,1833.1392059
2013-03-08,2393.47405233
2013-03-07,6735.15824092
2013-03-06,2878.07275033
2013-03-05,2048.09677753
2013-03-04,1942.18656827
2013-03-03,1413.13731568
2013-03-02,1862.93939415
2013-03-01,2483.68762654
2013-02-28,2066.73890498
2013-02-27,1634.72873809
2013-02-26,1700.7992228
2013-02-25,1957.01550345
2013-02-24,1404.72162295
2013-02-23,1456.65177345
2013-02-22,1760.51534915
2013-02-21,1412.36059534
2013-02-20,1450.56511626
2013-02-19,1454.34263451
2013-02-18,1048.07973942
2013-02-17,1257.42182216
2013-02-16,1459.61283069
2013-02-15,1440.7863765
2013-02-14,1313.14190162
2013-02-13,1344.33142594
2013-02-12,1252.85875441
2013-02-11,1193.5138766
2013-02-10,1035.25212212
2013-02-09,990.986532938
2013-02-08,1186.63458889
2013-02-07,1005.07858185
2013-02-06,714.251345984
2013-02-05,892.068264272
2013-02-04,996.914673245
2013-02-03,1496.35615154
2013-02-02,1156.27701097
2013-02-01,1048.15673873
2013-01-31,906.711190097
2013-01-30,770.965783709
2013-01-29,1005.48236884
2013-01-28,787.159846588
2013-01-27,859.671960964
2013-01-26,847.367251349
2013-01-25,755.903448618
2013-01-24,820.950170373
2013-01-23,803.175392163
2013-01-22,525.450969337
2013-01-21,520.031260183
2013-01-20,535.601912443
2013-01-19,998.458982265
2013-01-18,635.547822166
2013-01-17,566.883272034
2013-01-16,588.068957545
2013-01-15,494.823568787
2013-01-14,507.305646419
2013-01-13,513.397815949
2013-01-12,550.490831485
2013-01-11,631.144636918
2013-01-10,2179.11343432
2013-01-09,470.233652088
2013-01-08,412.147627529
2013-01-07,471.053761094
2013-01-06,500.967251448
2013-01-05,407.307446467
2013-01-04,578.693483879
2013-01-03,480.431709482
2013-01-02,391.038547276
2013-01-01,316.985248647
2012-12-31,366.871109638
2012-12-30,476.189618562
2012-12-29,418.062253489
2012-12-28,525.779757183
2012-12-27,477.243562573
2012-12-26,391.3422037
2012-12-25,290.027563085
2012-12-24,413.794088503
2012-12-23,436.944693002
2012-12-22,543.339534214
2012-12-21,485.476098535
2012-12-20,420.145374267
2012-12-19,525.933483011
2012-12-18,496.91992741
2012-12-17,435.301169912
2012-12-16,374.435694423
2012-12-15,363.946746374
2012-12-14,457.167881985
2012-12-13,590.296752133
2012-12-12,376.65537077
2012-12-11,417.967630156
2012-12-10,441.743440652
2012-12-09,330.663228255
2012-12-08,339.565634391
2012-12-07,355.274232048
2012-12-06,425.14960383
2012-12-05,360.09024525
2012-12-04,313.406140162
2012-12-03,239.032787757
2012-12-02,190.557909991
2012-12-01,380.535461377
2012-11-30,276.782616308
2012-11-29,389.710169007
2012-11-28,554.922675572
2012-11-27,1001.87157528
2012-11-26,345.011444852
2012-11-25,349.257988044
2012-11-24,282.122603583
2012-11-23,298.284592399
2012-11-22,293.102130262
2012-11-21,387.451059591
2012-11-20,333.314920675
2012-11-19,318.876749736
2012-11-18,301.057622558
2012-11-17,329.546655742
2012-11-16,381.838682248
2012-11-15,328.536761355
2012-11-14,251.003204095
2012-11-13,205.093217757
2012-11-12,203.558196143
2012-11-11,196.040794299
2012-11-10,234.75418705
2012-11-09,227.684436897
2012-11-08,305.355479911
2012-11-07,329.228819695
2012-11-06,250.301295296
2012-11-05,281.611976535
2012-11-04,193.01699168
2012-11-03,218.207683693
2012-11-02,282.291092206
2012-11-01,248.536464174
2012-10-31,257.486631702
2012-10-30,252.602827393
2012-10-29,165.318182355
2012-10-28,136.257194403
2012-10-27,149.176283567
2012-10-26,186.582678734
2012-10-25,213.921798738
2012-10-24,262.487630755
2012-10-23,292.45954788
2012-10-22,272.835102675
2012-10-21,262.772152344
2012-10-20,196.650921114
2012-10-19,206.865385217
2012-10-18,217.21409955
2012-10-17,802.051809527
2012-10-16,311.316412244
2012-10-15,230.856084238
2012-10-14,196.41131244
2012-10-13,298.044841095
2012-10-12,230.586240753
2012-10-11,306.636710907
2012-10-10,274.352894087
2012-10-09,307.879090103
2012-10-08,352.561404136
2012-10-07,296.107371212
2012-10-06,304.898892059
2012-10-05,355.114179038
2012-10-04,1689.54914806
2012-10-03,308.24859902
2012-10-02,328.925088106
2012-10-01,187.869169648
2012-09-30,154.330526303
2012-09-29,185.740366987
2012-09-28,721.586125213
2012-09-27,221.213409343
2012-09-26,225.933387081
2012-09-25,210.199833432
2012-09-24,336.042760924
2012-09-23,186.823590359
2012-09-22,195.452027296
2012-09-21,370.797817281
2012-09-20,262.493479552
2012-09-19,283.471117448
2012-09-18,239.811161873
2012-09-17,173.338360878
2012-09-16,172.366400015
2012-09-15,188.893148773
2012-09-14,251.511930607
2012-09-13,229.346947676
2012-09-12,261.7907263
2012-09-11,327.222872933
2012-09-10,248.779664695
2012-09-09,229.191805459
2012-09-08,268.182827462
2012-09-07,211.707591007
2012-09-06,317.911010315
2012-09-05,266.416385661
2012-09-04,324.149298432
2012-09-03,388.015462905
2012-09-02,324.716189333
2012-09-01,300.91603712
2012-08-31,351.020902553
2012-08-30,299.059750447
2012-08-29,275.171969349
2012-08-28,268.876358363
2012-08-27,352.764555371
2012-08-26,237.291294428
2012-08-25,224.691254397
2012-08-24,192.828976877
2012-08-23,220.72480708
2012-08-22,252.027027828
2012-08-21,239.636931367
2012-08-20,294.166307715
2012-08-19,227.46091212
2012-08-18,316.910015301
2012-08-17,471.084602142
2012-08-16,452.655125463
2012-08-15,356.33535093
2012-08-14,267.201229724
2012-08-13,297.339231983
2012-08-12,205.790285217
2012-08-11,201.475951694
2012-08-10,531.930173156
2012-08-09,220.43823024
2012-08-08,581.808528349
2012-08-07,231.039989933
2012-08-06,250.653910142
2012-08-05,274.408965553
2012-08-04,273.841916157
2012-08-03,199.303483749
2012-08-02,194.688463452
2012-08-01,192.843777668
2012-07-31,187.323601653
2012-07-30,197.590691931
2012-07-29,157.742217353
2012-07-28,184.895518283
2012-07-27,135.821729727
2012-07-26,166.311364068
2012-07-25,134.118388116
2012-07-24,157.29202953
2012-07-23,213.089838156
2012-07-22,138.18579066
2012-07-21,280.42595143
2012-07-20,278.379274131
2012-07-19,189.136978324
2012-07-18,237.369339705
2012-07-17,192.250995396
2012-07-16,176.815271048
2012-07-15,128.70819339
2012-07-14,126.059355824
2012-07-13,100.457244036
2012-07-12,117.888528484
2012-07-11,129.081761272
2012-07-10,164.388716174
2012-07-09,109.747243932
2012-07-08,85.14678687
2012-07-07,306.400578322
2012-07-06,83.6268742506
2012-07-05,90.6265401434
2012-07-04,78.913409509
2012-07-03,119.7907055
2012-07-02,89.7772314825
2012-07-01,67.1094549952
2012-06-30,94.8347333595
2012-06-29,77.2125650105
2012-06-28,112.404495607
2012-06-27,114.237383443
2012-06-26,126.802968203
2012-06-25,95.6467290438
2012-06-24,105.88614306
2012-06-23,101.079687359
2012-06-22,202.861368176
2012-06-21,178.696099352
2012-06-20,143.506885812
2012-06-19,175.99863715
2012-06-18,169.180418198
2012-06-17,159.333037184
2012-06-16,198.146887317
2012-06-15,219.554696459
2012-06-14,213.579130114
2012-06-13,209.650719392
2012-06-12,71.801895603
2012-06-11,114.650145178
2012-06-10,137.184581373
2012-06-09,128.420050744
2012-06-08,95.1900457248
2012-06-07,113.321636756
2012-06-06,72.6828733927
2012-06-05,164.91103519
2012-06-04,148.454812676
2012-06-03,79.0937938229
2012-06-02,52.5928181057
2012-06-01,82.6397289573
2012-05-31,70.5984507765
2012-05-30,87.237965097
2012-05-29,97.8403181531
2012-05-28,104.333893178
2012-05-27,78.7316289131
2012-05-26,86.8866511275
2012-05-25,98.3925053775
2012-05-24,107.745808671
2012-05-23,83.0454611592
2012-05-22,74.147519744
2012-05-21,92.6905480173
2012-05-20,113.494889957
2012-05-19,171.270916478
2012-05-18,80.8315360623
2012-05-17,51.9089435972
2012-05-16,71.1789719465
2012-05-15,99.7563063123
2012-05-14,142.40162769
2012-05-13,50.8138736421
2012-05-12,64.47861265
2012-05-11,50.3448319783
2012-05-10,50.7691523588
2012-05-09,76.2440852993
2012-05-08,65.197672026
2012-05-07,53.8901201536
2012-05-06,43.2343347249
2012-05-05,51.1058565591
2012-05-04,54.227710581
2012-05-03,44.047283881
2012-05-02,34.6108348531
2012-05-01,32.45688185
2012-04-30,24.81858355
2012-04-29,29.089443054
2012-04-28,27.2880273145
2012-04-27,35.7738482329
2012-04-26,69.0538602908
2012-04-25,27.2356579248
2012-04-24,28.286656164
2012-04-23,22.6888923473
2012-04-22,27.4729001654
2012-04-21,34.32557468
2012-04-20,31.3962373923
2012-04-19,30.8684561898
2012-04-18,30.4148711524
2012-04-17,37.8015097489
2012-04-16,23.2628166834
2012-04-15,20.0891354803
2012-04-14,29.5845290836
2012-04-13,21.867224344
2012-04-12,34.6623200952
2012-04-11,32.0070416079
2012-04-10,22.986620349
2012-04-09,18.399204672
2012-04-08,18.2710776
2012-04-07,19.4011702038
2012-04-06,24.5229383184
2012-04-05,30.7158197257
2012-04-04,19.6449866417
2012-04-03,23.1796777719
2012-04-02,21.0370874152
2012-04-01,21.4023191901
2012-03-31,23.068246212
2012-03-30,19.5357453291
2012-03-29,22.8093533494
2012-03-28,22.6729490436
2012-03-27,18.721126041
2012-03-26,34.4239783566
2012-03-25,64.9735834167
2012-03-24,21.2191451691
2012-03-23,18.6240163683
2012-03-22,16.1735445872
2012-03-21,20.4486365716
2012-03-20,21.3436342434
2012-03-19,22.506346364
2012-03-18,16.2096014336
2012-03-17,22.8557279522
2012-03-16,43.012955772
2012-03-15,22.6871234775
2012-03-14,32.5989996891
2012-03-13,54.4417372029
2012-03-12,17.4526479254
2012-03-11,15.3610833159
2012-03-10,24.9618502822
2012-03-09,17.653399638
2012-03-08,21.4291598
2012-03-07,25.2208371363
2012-03-06,24.1033025095
2012-03-05,23.0720463792
2012-03-04,19.386541202
2012-03-03,14.5774279504
2012-03-02,22.2062850411
2012-03-01,33.0777413646
2012-02-29,15.454181001
2012-02-28,27.3763608
2012-02-27,24.396992298
2012-02-26,13.0639202039
2012-02-25,21.6273093036
2012-02-24,22.5312402212
2012-02-23,20.6366509403
2012-02-22,15.118769316
2012-02-21,16.3444213675
2012-02-20,17.751551036
2012-02-19,10.6100752617
2012-02-18,17.0464757784
2012-02-17,16.8669381023
2012-02-16,46.0590902068
2012-02-15,74.5031099136
2012-02-14,38.978875264
2012-02-13,27.5330353584
2012-02-12,20.348047512
2012-02-11,24.47442024
2012-02-10,43.0500606571
2012-02-09,34.549978356
2012-02-08,25.7785662738
2012-02-07,31.4093830897
2012-02-06,25.9502690904
2012-02-05,26.5697952694
2012-02-04,53.14758762
2012-02-03,43.9225499613
2012-02-02,65.258214328
2012-02-01,43.2447868469
2012-01-31,156.867372751
2012-01-30,28.045469424
2012-01-29,1274.59325635
2012-01-28,35.7489378785
2012-01-27,122.026143092
2012-01-26,44.35012055
2012-01-25,48.4912352565
2012-01-24,56.9469870192
2012-01-23,27.9426581008
2012-01-22,20.5660084113
2012-01-21,34.8816276115
2012-01-20,287.842160141
2012-01-19,45.706662225
2012-01-18,77.898467709
2012-01-17,161.677541908
2012-01-16,220.533157457
2012-01-15,46.8624810857
2012-01-14,79.2329513175
2012-01-13,68.2162804546
2012-01-12,292.676644532
2012-01-11,36.9656409739
2012-01-10,31.9742586046
2012-01-09,44.377054128
2012-01-08,24.795500184
2012-01-07,33.9452944253
2012-01-06,48.0513957434
2012-01-05,35.515966435
2012-01-04,79.7198783771
2012-01-03,30.5924432624
2012-01-02,28.6375057586
2012-01-01,16.757568932
2011-12-31,18.0838448032
2011-12-30,15.139478141
2011-12-29,17.473487675
2011-12-28,13.9739433297
2011-12-27,11.2359416386
2011-12-26,14.6866496201
2011-12-25,12.2255599281
2011-12-24,8.84365013196
2011-12-23,12.2481576695
2011-12-22,16.5891665778
2011-12-21,16.4092689546
2011-12-20,26.266520745
2011-12-19,13.3679851813
2011-12-18,12.65601272
2011-12-17,8.8169375892
2011-12-16,9.16031876
2011-12-15,26.8111876387
2011-12-14,11.9485688901
2011-12-13,15.764209065
2011-12-12,1020.09845922
2011-12-11,307.573617681
2011-12-10,9.1897665712
2011-12-09,8.99988323073
2011-12-08,10.187575477
2011-12-07,12.3239208189
2011-12-06,10.673081123
2011-12-05,10.5943905142
2011-12-04,10.491427115
2011-12-03,12.8124716505
2011-12-02,13.5089339786
2011-12-01,13.550240919
2011-11-30,9.76168365458
2011-11-29,13.2398583237
2011-11-28,7.72775966652
2011-11-27,6.82375125494
2011-11-26,9.12100874625
2011-11-25,9.6898499584
2011-11-24,8.5907944356
2011-11-23,8.1316760042
2011-11-22,7.9316444945
2011-11-21,5.7262883769
2011-11-20,10.0732945698
2011-11-19,7.026602833
2011-11-18,7.99339988936
2011-11-17,7.69477205822
2011-11-16,9.302636642
2011-11-15,8.6170492407
2011-11-14,8.3819980497
2011-11-13,7.81839678369
2011-11-12,8.0477396293
2011-11-11,6.12639729
2011-11-10,10.29364803
2011-11-09,11.8000574489
2011-11-08,11.9716232565
2011-11-07,10.4421752152
2011-11-06,8.193877826
2011-11-05,11.0070749772
2011-11-04,10.7471770319
2011-11-03,9.50238632115
2011-11-02,11.1287994872
2011-11-01,17.10699342
2011-10-31,8.69117551764
2011-10-30,12.4471261539
2011-10-29,13.0213686729
2011-10-28,10.2556599695
2011-10-27,7.6849612173
2011-10-26,9.76658470176
2011-10-25,9.1697768384
2011-10-24,10.380880096
2011-10-23,10.11004932
2011-10-22,8.791755324
2011-10-21,7.59905184937
2011-10-20,13.8931988492
2011-10-19,9.08342790978
2011-10-18,9.15568483
2011-10-17,16.7983029431
2011-10-16,10.961335906
2011-10-15,14.0900798835
2011-10-14,14.2859078979
2011-10-13,20.8463197235
2011-10-12,19.0416729821
2011-10-11,19.9179499469
2011-10-10,13.5445646773
2011-10-09,13.5141236399
2011-10-08,18.0487673127
2011-10-07,27.5561790885
2011-10-06,32.8468207216
2011-10-05,17.708327331
2011-10-04,17.1095452515
2011-10-03,47.4386019074
2011-10-02,16.8217211568
2011-10-01,18.90661739
2011-09-30,18.109180867
2011-09-29,17.133912378
2011-09-28,22.8301716806
2011-09-27,21.4172811841
2011-09-26,18.1894758235
2011-09-25,17.79429443
2011-09-24,40.5900434016
2011-09-23,21.904337133
2011-09-22,26.1005726711
2011-09-21,33.5882895506
2011-09-20,40.8895310489
2011-09-19,33.651140936
2011-09-18,24.80234745
2011-09-17,27.4985400366
2011-09-16,41.7523711408
2011-09-15,22.1166886569
2011-09-14,23.0987914074
2011-09-13,29.667854
2011-09-12,38.1507041306
2011-09-11,34.915159002
2011-09-10,36.5939512725
2011-09-09,51.3498146556
2011-09-08,36.2208297985
2011-09-07,61.5851131559
2011-09-06,49.0640340025
2011-09-05,60.6871332578
2011-09-04,78.2198359325
2011-09-03,52.9353734322
2011-09-02,44.7060792536
2011-09-01,48.1211863523
2011-08-31,90.90193293
2011-08-30,48.8795331468
2011-08-29,50.7525384012
2011-08-28,40.2804080412
2011-08-27,46.2415945778
2011-08-26,52.382896327
2011-08-25,75.1268777006
2011-08-24,108.588794034
2011-08-23,62.6976370809
2011-08-22,83.158441115
2011-08-21,64.5565212531
2011-08-20,72.0147260731
2011-08-19,87.5498174789
2011-08-18,71.356909365
2011-08-17,90.387172466
2011-08-16,108.996630594
2011-08-15,110.139908975
2011-08-14,109.907048141
2011-08-13,68.31961458
2011-08-12,62.4627093254
2011-08-11,94.1453715788
2011-08-10,100.911718297
2011-08-09,134.07291623
2011-08-08,71.2771699549
2011-08-07,224.666646302
2011-08-06,81.8374942
2011-08-05,73.808497686
2011-08-04,99.3810173957
2011-08-03,98.127444915
2011-08-02,106.058305855
2011-08-01,100.998702456
2011-07-31,91.3062416713
2011-07-30,91.160177586
2011-07-29,91.85900034
2011-07-28,104.39796766
2011-07-27,129.694004597
2011-07-26,124.046488368
2011-07-25,194.534107179
2011-07-24,110.501713258
2011-07-23,136.608539491
2011-07-22,164.182605389
2011-07-21,130.476354435
2011-07-20,161.529758161
2011-07-19,251.174649936
2011-07-18,143.108139392
2011-07-17,173.863699291
2011-07-16,189.506788416
2011-07-15,199.241150251
2011-07-14,201.981712938
2011-07-13,221.342079953
2011-07-12,178.281071997
2011-07-11,209.31897262
2011-07-10,200.654432227
2011-07-09,202.5922641
2011-07-08,203.494274157
2011-07-07,240.200150775
2011-07-06,309.088587555
2011-07-05,256.575669
2011-07-04,241.907278907
2011-07-03,203.402982957
2011-07-02,290.868458387
2011-07-01,288.28233412
2011-06-30,320.548987325
2011-06-29,350.783979207
2011-06-28,368.69083147
2011-06-27,513.0163764
2011-06-26,395.479891327
2011-06-25,387.108818096
2011-06-24,253.05598777
2011-06-23,256.75587776
2011-06-22,269.243355899
2011-06-21,282.83234338
2011-06-20,365.418113886
2011-06-19,505.635768249
2011-06-18,520.745292004
2011-06-17,596.565572904
2011-06-16,633.184238111
2011-06-15,848.783773
2011-06-14,702.535958036
2011-06-13,995.963742585
2011-06-12,1028.37673445
2011-06-11,1101.6251226
2011-06-10,1324.8804184
2011-06-09,1524.60387135
2011-06-08,1251.42349191
2011-06-07,543.80698455
2011-06-06,508.80482007
2011-06-05,446.844964076
2011-06-04,551.612706365
2011-06-03,380.92023398
2011-06-02,265.118087569
2011-06-01,203.0517841
2011-05-31,199.093813588
2011-05-30,143.62154712
2011-05-29,122.676992568
2011-05-28,115.144427588
2011-05-27,146.580990869
2011-05-26,188.995827375
2011-05-25,160.71384582
2011-05-24,137.48969844
2011-05-23,142.464536819
2011-05-22,139.924555329
2011-05-21,125.515968967
2011-05-20,120.415240371
2011-05-19,136.607725839
2011-05-18,131.474970357
2011-05-17,111.530774225
2011-05-16,132.709036725
2011-05-15,123.525871322
2011-05-14,123.573031225
2011-05-13,95.677417485
2011-05-12,33.3765607265
2011-05-11,58.6182988111
2011-05-10,38.580474764
2011-05-09,46.0563170998
2011-05-08,23.225384754
2011-05-07,25.1779561
2011-05-06,34.1485247423
2011-05-05,27.097358085
2011-05-04,20.5489003182
2011-05-03,16.4898180776
2011-05-02,23.2385666142
2011-05-01,47.0834555388
2011-04-30,39.6994086884
2011-04-29,18.940189041
2011-04-28,16.941666823
2011-04-27,17.4499593645
2011-04-26,9.5649578847
2011-04-25,13.3924253299
2011-04-24,14.357893407
2011-04-23,8.2256547
2011-04-22,5.8524534216
2011-04-21,4.36035517345
2011-04-20,8.81044343071
2011-04-19,6.9987257347
2011-04-18,2.6820212676
2011-04-17,2.1076125
2011-04-16,4.1718249072
2011-04-15,2.34461588277
2011-04-14,14.591714
2011-04-13,3.67138575
2011-04-12,4.00487463246
2011-04-11,3.68693609185
2011-04-10,3.90074086
2011-04-09,3.208568
2011-04-08,3.0362799
2011-04-07,2.43376254
2011-04-06,4.18822554508
2011-04-05,3.855797
2011-04-04,4.65852572
2011-04-03,2.519449996
2011-04-02,2.38325910394
2011-04-01,2.479907
2011-03-31,3.3320768
2011-03-30,3.12506550795
2011-03-29,3.03208
2011-03-28,4.1700225
2011-03-27,5.26482505266
2011-03-26,4.3259905
2011-03-25,5.6410302091
2011-03-24,8.659433097
2011-03-23,14.098666202
2011-03-22,9.0122503138
2011-03-21,5.42176418249
2011-03-20,1.056292173
2011-03-19,1.1188213908
2011-03-18,1.04013445059
2011-03-17,1.318233796
2011-03-16,1.6109
2011-03-15,1.529984468
2011-03-14,1.96345458
2011-03-13,1.39368708032
2011-03-12,1.36753520475
2011-03-11,6.19155744238
2011-03-10,2.1572845728
2011-03-09,3.10770419641
2011-03-08,4.18068372557
2011-03-07,5.18051593296
2011-03-06,4.6717664376
2011-03-05,1.11582149349
2011-03-04,1.31356512
2011-03-03,6.007822
2011-03-02,0.2341257
2011-03-01,0.7125171569
2011-02-28,0.510547471951
2011-02-27,0.7104
2011-02-26,0.70237265209
2011-02-25,0.26097152
2011-02-24,0.149794214528
2011-02-23,0.3831558905
2011-02-22,0.16520481
2011-02-21,0.4398
2011-02-20,0.17188128
2011-02-19,0.5202
2011-02-18,0.4830874
2011-02-17,0.654753484267
2011-02-16,0.234677484267
2011-02-15,0.9114
2011-02-14,2.3004
2011-02-13,0.3456
2011-02-12,0.688674393666
2011-02-11,0.512416064655
2011-02-10,0.883348488
2011-02-09,0.0424651568
2011-02-08,0.288441675
2011-02-07,0.175261221976
2011-02-06,0.1196
2011-02-05,0.19800334986
2011-02-04,0.075561508
2011-02-03,0.088642305
2011-02-02,0.23522772
2011-02-01,0.647033486
2011-01-31,1.695
2011-01-30,0.1061221824
2011-01-29,0.13913241168
2011-01-28,0.0585
2011-01-27,0.204526
2011-01-26,0.05485015575
2011-01-25,0.0595
2011-01-24,0.13691322117
2011-01-23,0.129062823168
2011-01-22,0.197215932861
2011-01-21,0.0090137344
2011-01-20,0.046807251225
2011-01-19,0.021507597504
2011-01-18,0.0145756048329
2011-01-17,0.061105712
2011-01-16,0.031340032
2011-01-15,0.043951096
2011-01-14,0.0247224915
2011-01-13,0.0324
2011-01-12,0.0847451745
2011-01-11,0.00987
2011-01-10,0.02593990301
2011-01-09,0.0444620732813
2011-01-08,0.00645796
2011-01-07,0.02367508864
2011-01-06,0.02618516121
2011-01-05,0.0174574048673
2011-01-04,0.0238554449621
2011-01-03,0.208914530227
2011-01-02,0.0273869078364
2011-01-01,0.0207456356948
2010-12-31,0.00700515964939
2010-12-30,0.0397155236145
2010-12-29,0.03687747252
2010-12-28,0.0253577492
2010-12-27,0.02871242935
2010-12-26,0.01889993
2010-12-25,0.01185763
2010-12-24,0.02207332
2010-12-23,0.015
2010-12-22,0.04737394884
2010-12-21,0.0344864452368
2010-12-20,0.02167925375
2010-12-19,0.028033989417
2010-12-18,0.05464173528
2010-12-17,0.01372457685
2010-12-16,0.025754535679
2010-12-15,0.01786713536
2010-12-14,0.0078105033
2010-12-13,0.077597283786
2010-12-12,0.0385168722
2010-12-11,0.01757391545
2010-12-10,0.01224022236
2010-12-09,0.011288438976
2010-12-08,0.019816
2010-12-07,0.00726507962
2010-12-06,0.01241710425
2010-12-05,0.00491320845
2010-12-04,0.002589
2010-12-03,0.005106
2010-12-02,0.0175
2010-12-01,0.0045
2010-11-30,0.00275
2010-11-29,0.00837
2010-11-28,0.0028461
2010-11-27,0.00284399
2010-11-26,0.10693
2010-11-25,0.0
2010-11-24,0.0877269
2010-11-23,0.155466
2010-11-22,0.1692
2010-11-21,0.3393
2010-11-20,0.21097
2010-11-19,0.0
2010-11-18,0.0
2010-11-17,0.0
2010-11-16,0.135696
2010-11-15,0.0
2010-11-14,0.0
2010-11-13,0.0
2010-11-12,0.0
2010-11-11,0.0
2010-11-10,0.0
2010-11-09,0.0
2010-11-08,0.3071
2010-11-07,0.0
2010-11-06,0.0
2010-11-05,0.0
2010-11-04,0.0
2010-11-03,0.0
2010-11-02,0.0
2010-11-01,0.0
2010-10-31,0.0
2010-10-30,0.0
2010-10-29,0.0
2010-10-28,0.0
2010-10-27,0.0
2010-10-26,0.0
2010-10-25,0.0
2010-10-24,0.0
2010-10-23,0.0054505
2010-10-22,0.0
2010-10-21,0.00084651035
2010-10-20,0.0
2010-10-19,0.0
2010-10-18,0.00206
2010-10-17,0.0
2010-10-16,0.0
2010-10-15,0.0
2010-10-14,0.03675
2010-10-13,0.0
2010-10-12,0.0
2010-10-11,1.41809e-07
2010-10-10,0.0
2010-10-09,0.0
2010-10-08,0.0
2010-10-07,0.0
2010-10-06,6.8997e-08
2010-10-05,0.0
2010-10-04,6.758e-08
2010-10-03,0.000476963182
2010-10-02,0.00048149353385
2010-10-01,0.03471944
2010-09-30,0.0
2010-09-29,0.0640557
2010-09-28,0.0257111
2010-09-27,0.00124412
2010-09-26,0.0
2010-09-25,0.0
2010-09-24,0.0
2010-09-23,0.0
2010-09-22,0.0
2010-09-21,6.33e-09
2010-09-20,0.0
2010-09-19,0.0
2010-09-18,0.010962
2010-09-17,0.0
2010-09-16,0.0
2010-09-15,0.0
2010-09-14,0.000615592042
2010-09-13,0.0
2010-09-12,0.00974985
2010-09-11,0.0
2010-09-10,1.2401999999999999e-08
2010-09-09,0.006864
2010-09-08,1.2401999999999999e-08
2010-09-07,0.0
2010-09-06,6.400000000000001e-09
2010-09-05,0.000629
2010-09-04,0.0
2010-09-03,0.0
2010-09-02,6.29e-09
2010-09-01,0.00843700649
2010-08-31,0.012994019491
2010-08-30,0.0276
2010-08-29,0.00907203888
2010-08-28,3.25e-08
2010-08-27,0.0
2010-08-26,0.0
2010-08-25,0.0532
2010-08-24,0.0
2010-08-23,0.0
2010-08-22,0.0
2010-08-21,0.0
2010-08-20,0.0
2010-08-19,0.0
2010-08-18,0.11544
2010-08-17,0.051523
2010-08-16,0.0
2010-08-15,0.0
2010-08-14,0.0
2010-08-13,0.0
2010-08-12,0.0
2010-08-11,0.0
2010-08-10,0.0
2010-08-09,0.0
2010-08-08,0.0
2010-08-07,0.0
2010-08-06,0.0
2010-08-05,0.0
2010-08-04,0.0
2010-08-03,0.0
2010-08-02,0.0
2010-08-01,0.0
2010-07-31,0.0
2010-07-30,0.0
2010-07-29,0.0
2010-07-28,0.0
2010-07-27,0.0
2010-07-26,0.0
2010-07-25,0.0
2010-07-24,0.0
2010-07-23,0.0
2010-07-22,0.0
2010-07-21,0.0
2010-07-20,0.0
2010-07-19,0.0
2010-07-18,0.0
2010-07-17,0.0
2010-07-16,0.0
2010-07-15,0.0
2010-07-14,0.0
2010-07-13,0.0
2010-07-12,0.0
2010-07-11,0.0
2010-07-10,0.0
2010-07-09,0.0
2010-07-08,0.0
2010-07-07,0.0
2010-07-06,0.0
2010-07-05,0.0
2010-07-04,0.0
2010-07-03,0.0
2010-07-02,0.0
2010-07-01,0.0
2010-06-30,0.0
2010-06-29,0.0
2010-06-28,0.0
2010-06-27,0.0
2010-06-26,0.0
2010-06-25,0.0
2010-06-24,0.0
2010-06-23,0.0
2010-06-22,0.0
2010-06-21,0.0
2010-06-20,0.0
2010-06-19,0.0
2010-06-18,0.0
2010-06-17,0.0
2010-06-16,0.0
2010-06-15,0.0
2010-06-14,0.0
2010-06-13,0.0
2010-06-12,0.0
2010-06-11,0.0
2010-06-10,0.0
2010-06-09,0.0
2010-06-08,0.0
2010-06-07,0.0
2010-06-06,0.0
2010-06-05,0.0
2010-06-04,0.0
2010-06-03,0.0
2010-06-02,0.0
2010-06-01,0.0
2010-05-31,0.0
2010-05-30,0.0
2010-05-29,0.0
2010-05-28,0.0
2010-05-27,0.0
2010-05-26,0.0
2010-05-25,0.0
2010-05-24,0.0
2010-05-23,0.0
2010-05-22,0.0
2010-05-21,0.0
2010-05-20,0.0
2010-05-19,0.0
2010-05-18,0.0
2010-05-17,0.0
2010-05-16,0.0
2010-05-15,0.0
2010-05-14,0.0
2010-05-13,0.0
2010-05-12,0.0
2010-05-11,0.0
2010-05-10,0.0
2010-05-09,0.0
2010-05-08,0.0
2010-05-07,0.0
2010-05-06,0.0
2010-05-05,0.0
2010-05-04,0.0
2010-05-03,0.0
2010-05-02,0.0
2010-05-01,0.0
2010-04-30,0.0
2010-04-29,0.0
2010-04-28,0.0
2010-04-27,0.0
2010-04-26,0.0
2010-04-25,0.0
2010-04-24,0.0
2010-04-23,0.0
2010-04-22,0.0
2010-04-21,0.0
2010-04-20,0.0
2010-04-19,0.0
2010-04-18,0.0
2010-04-17,0.0
2010-04-16,0.0
2010-04-15,0.0
2010-04-14,0.0
2010-04-13,0.0
2010-04-12,0.0
2010-04-11,0.0
2010-04-10,0.0
2010-04-09,0.0
2010-04-08,0.0
2010-04-07,0.0
2010-04-06,0.0
2010-04-05,0.0
2010-04-04,0.0
2010-04-03,0.0
2010-04-02,0.0
2010-04-01,0.0
2010-03-31,0.0
2010-03-30,0.0
2010-03-29,0.0
2010-03-28,0.0
2010-03-27,0.0
2010-03-26,0.0
2010-03-25,0.0
2010-03-24,0.0
2010-03-23,0.0
2010-03-22,0.0
2010-03-21,0.0
2010-03-20,0.0
2010-03-19,0.0
2010-03-18,0.0
2010-03-17,0.0
2010-03-16,0.0
2010-03-15,0.0
2010-03-14,0.0
2010-03-13,0.0
2010-03-12,0.0
2010-03-11,0.0
2010-03-10,0.0
2010-03-09,0.0
2010-03-08,0.0
2010-03-07,0.0
2010-03-06,0.0
2010-03-05,0.0
2010-03-04,0.0
2010-03-03,0.0
2010-03-02,0.0
2010-03-01,0.0
2010-02-28,0.0
2010-02-27,0.0
2010-02-26,0.0
2010-02-25,0.0
2010-02-24,0.0
2010-02-23,0.0
2010-02-22,0.0
2010-02-21,0.0
2010-02-20,0.0
2010-02-19,0.0
2010-02-18,0.0
2010-02-17,0.0
2010-02-16,0.0
2010-02-15,0.0
2010-02-14,0.0
2010-02-13,0.0
2010-02-12,0.0
2010-02-11,0.0
2010-02-10,0.0
2010-02-09,0.0
2010-02-08,0.0
2010-02-07,0.0
2010-02-06,0.0
2010-02-05,0.0
2010-02-04,0.0
2010-02-03,0.0
2010-02-02,0.0
2010-02-01,0.0
2010-01-31,0.0
2010-01-30,0.0
2010-01-29,0.0
2010-01-28,0.0
2010-01-27,0.0
2010-01-26,0.0
2010-01-25,0.0
2010-01-24,0.0
2010-01-23,0.0
2010-01-22,0.0
2010-01-21,0.0
2010-01-20,0.0
2010-01-19,0.0
2010-01-18,0.0
2010-01-17,0.0
2010-01-16,0.0
2010-01-15,0.0
2010-01-14,0.0
2010-01-13,0.0
2010-01-12,0.0
2010-01-11,0.0
2010-01-10,0.0
2010-01-09,0.0
2010-01-08,0.0
2010-01-07,0.0
2010-01-06,0.0
2010-01-05,0.0
2010-01-04,0.0
2010-01-03,0.0
2010-01-02,0.0
2010-01-01,0.0
2009-12-31,0.0
2009-12-30,0.0
2009-12-29,0.0
2009-12-28,0.0
2009-12-27,0.0
2009-12-26,0.0
2009-12-25,0.0
2009-12-24,0.0
2009-12-23,0.0
2009-12-22,0.0
2009-12-21,0.0
2009-12-20,0.0
2009-12-19,0.0
2009-12-18,0.0
2009-12-17,0.0
2009-12-16,0.0
2009-12-15,0.0
2009-12-14,0.0
2009-12-13,0.0
2009-12-12,0.0
2009-12-11,0.0
2009-12-10,0.0
2009-12-09,0.0
2009-12-08,0.0
2009-12-07,0.0
2009-12-06,0.0
2009-12-05,0.0
2009-12-04,0.0
2009-12-03,0.0
2009-12-02,0.0
2009-12-01,0.0
2009-11-30,0.0
2009-11-29,0.0
2009-11-28,0.0
2009-11-27,0.0
2009-11-26,0.0
2009-11-25,0.0
2009-11-24,0.0
2009-11-23,0.0
2009-11-22,0.0
2009-11-21,0.0
2009-11-20,0.0
2009-11-19,0.0
2009-11-18,0.0
2009-11-17,0.0
2009-11-16,0.0
2009-11-15,0.0
2009-11-14,0.0
2009-11-13,0.0
2009-11-12,0.0
2009-11-11,0.0
2009-11-10,0.0
2009-11-09,0.0
2009-11-08,0.0
2009-11-07,0.0
2009-11-06,0.0
2009-11-05,0.0
2009-11-04,0.0
2009-11-03,0.0
2009-11-02,0.0
2009-11-01,0.0
2009-10-31,0.0
2009-10-30,0.0
2009-10-29,0.0
2009-10-28,0.0
2009-10-27,0.0
2009-10-26,0.0
2009-10-25,0.0
2009-10-24,0.0
2009-10-23,0.0
2009-10-22,0.0
2009-10-21,0.0
2009-10-20,0.0
2009-10-19,0.0
2009-10-18,0.0
2009-10-17,0.0
2009-10-16,0.0
2009-10-15,0.0
2009-10-14,0.0
2009-10-13,0.0
2009-10-12,0.0
2009-10-11,0.0
2009-10-10,0.0
2009-10-09,0.0
2009-10-08,0.0
2009-10-07,0.0
2009-10-06,0.0
2009-10-05,0.0
2009-10-04,0.0
2009-10-03,0.0
2009-10-02,0.0
2009-10-01,0.0
2009-09-30,0.0
2009-09-29,0.0
2009-09-28,0.0
2009-09-27,0.0
2009-09-26,0.0
2009-09-25,0.0
2009-09-24,0.0
2009-09-23,0.0
2009-09-22,0.0
2009-09-21,0.0
2009-09-20,0.0
2009-09-19,0.0
2009-09-18,0.0
2009-09-17,0.0
2009-09-16,0.0
2009-09-15,0.0
2009-09-14,0.0
2009-09-13,0.0
2009-09-12,0.0
2009-09-11,0.0
2009-09-10,0.0
2009-09-09,0.0
2009-09-08,0.0
2009-09-07,0.0
2009-09-06,0.0
2009-09-05,0.0
2009-09-04,0.0
2009-09-03,0.0
2009-09-02,0.0
2009-09-01,0.0
2009-08-31,0.0
2009-08-30,0.0
2009-08-29,0.0
2009-08-28,0.0
2009-08-27,0.0
2009-08-26,0.0
2009-08-25,0.0
2009-08-24,0.0
2009-08-23,0.0
2009-08-22,0.0
2009-08-21,0.0
2009-08-20,0.0
2009-08-19,0.0
2009-08-18,0.0
2009-08-17,0.0
2009-08-16,0.0
2009-08-15,0.0
2009-08-14,0.0
2009-08-13,0.0
2009-08-12,0.0
2009-08-11,0.0
2009-08-10,0.0
2009-08-09,0.0
2009-08-08,0.0
2009-08-07,0.0
2009-08-06,0.0
2009-08-05,0.0
2009-08-04,0.0
2009-08-03,0.0
2009-08-02,0.0
2009-08-01,0.0
2009-07-31,0.0
2009-07-30,0.0
2009-07-29,0.0
2009-07-28,0.0
2009-07-27,0.0
2009-07-26,0.0
2009-07-25,0.0
2009-07-24,0.0
2009-07-23,0.0
2009-07-22,0.0
2009-07-21,0.0
2009-07-20,0.0
2009-07-19,0.0
2009-07-18,0.0
2009-07-17,0.0
2009-07-16,0.0
2009-07-15,0.0
2009-07-14,0.0
2009-07-13,0.0
2009-07-12,0.0
2009-07-11,0.0
2009-07-10,0.0
2009-07-09,0.0
2009-07-08,0.0
2009-07-07,0.0
2009-07-06,0.0
2009-07-05,0.0
2009-07-04,0.0
2009-07-03,0.0
2009-07-02,0.0
2009-07-01,0.0
2009-06-30,0.0
2009-06-29,0.0
2009-06-28,0.0
2009-06-27,0.0
2009-06-26,0.0
2009-06-25,0.0
2009-06-24,0.0
2009-06-23,0.0
2009-06-22,0.0
2009-06-21,0.0
2009-06-20,0.0
2009-06-19,0.0
2009-06-18,0.0
2009-06-17,0.0
2009-06-16,0.0
2009-06-15,0.0
2009-06-14,0.0
2009-06-13,0.0
2009-06-12,0.0
2009-06-11,0.0
2009-06-10,0.0
2009-06-09,0.0
2009-06-08,0.0
2009-06-07,0.0
2009-06-06,0.0
2009-06-05,0.0
2009-06-04,0.0
2009-06-03,0.0
2009-06-02,0.0
2009-06-01,0.0
2009-05-31,0.0
2009-05-30,0.0
2009-05-29,0.0
2009-05-28,0.0
2009-05-27,0.0
2009-05-26,0.0
2009-05-25,0.0
2009-05-24,0.0
2009-05-23,0.0
2009-05-22,0.0
2009-05-21,0.0
2009-05-20,0.0
2009-05-19,0.0
2009-05-18,0.0
2009-05-17,0.0
2009-05-16,0.0
2009-05-15,0.0
2009-05-14,0.0
2009-05-13,0.0
2009-05-12,0.0
2009-05-11,0.0
2009-05-10,0.0
2009-05-09,0.0
2009-05-08,0.0
2009-05-07,0.0
2009-05-06,0.0
2009-05-05,0.0
2009-05-04,0.0
2009-05-03,0.0
2009-05-02,0.0
2009-05-01,0.0
2009-04-30,0.0
2009-04-29,0.0
2009-04-28,0.0
2009-04-27,0.0
2009-04-26,0.0
2009-04-25,0.0
2009-04-24,0.0
2009-04-23,0.0
2009-04-22,0.0
2009-04-21,0.0
2009-04-20,0.0
2009-04-19,0.0
2009-04-18,0.0
2009-04-17,0.0
2009-04-16,0.0
2009-04-15,0.0
2009-04-14,0.0
2009-04-13,0.0
2009-04-12,0.0
2009-04-11,0.0
2009-04-10,0.0
2009-04-09,0.0
2009-04-08,0.0
2009-04-07,0.0
2009-04-06,0.0
2009-04-05,0.0
2009-04-04,0.0
2009-04-03,0.0
2009-04-02,0.0
2009-04-01,0.0
2009-03-31,0.0
2009-03-30,0.0
2009-03-29,0.0
2009-03-28,0.0
2009-03-27,0.0
2009-03-26,0.0
2009-03-25,0.0
2009-03-24,0.0
2009-03-23,0.0
2009-03-22,0.0
2009-03-21,0.0
2009-03-20,0.0
2009-03-19,0.0
2009-03-18,0.0
2009-03-17,0.0
2009-03-16,0.0
2009-03-15,0.0
2009-03-14,0.0
2009-03-13,0.0
2009-03-12,0.0
2009-03-11,0.0
2009-03-10,0.0
2009-03-09,0.0
2009-03-08,0.0
2009-03-07,0.0
2009-03-06,0.0
2009-03-05,0.0
2009-03-04,0.0
2009-03-03,0.0
2009-03-02,0.0
2009-03-01,0.0
2009-02-28,0.0
2009-02-27,0.0
2009-02-26,0.0
2009-02-25,0.0
2009-02-24,0.0
2009-02-23,0.0
2009-02-22,0.0
2009-02-21,0.0
2009-02-20,0.0
2009-02-19,0.0
2009-02-18,0.0
2009-02-17,0.0
2009-02-16,0.0
2009-02-15,0.0
2009-02-14,0.0
2009-02-13,0.0
2009-02-12,0.0
2009-02-11,0.0
2009-02-10,0.0
2009-02-09,0.0
2009-02-08,0.0
2009-02-07,0.0
2009-02-06,0.0
2009-02-05,0.0
2009-02-04,0.0
2009-02-03,0.0
2009-02-02,0.0
2009-02-01,0.0
2009-01-31,0.0
2009-01-30,0.0
2009-01-29,0.0
2009-01-28,0.0
2009-01-27,0.0
2009-01-26,0.0
2009-01-25,0.0
2009-01-24,0.0
2009-01-23,0.0
2009-01-22,0.0
2009-01-21,0.0
2009-01-20,0.0
2009-01-19,0.0
2009-01-18,0.0
2009-01-17,0.0
2009-01-16,0.0
2009-01-15,0.0
2009-01-14,0.0
2009-01-13,0.0
2009-01-12,0.0
2009-01-11,0.0
2009-01-10,0.0
2009-01-09,0.0
2009-01-08,0.0
2009-01-07,0.0
2009-01-06,0.0
2009-01-05,0.0
2009-01-04,0.0
2009-01-03,0.0
