transaction_date,total_transactions
2018-05-24,318118923.0
2018-05-23,317895727.0
2018-05-22,317692390.0
2018-05-21,317489743.0
2018-05-20,317331080.0
2018-05-19,317157806.0
2018-05-18,316946310.0
2018-05-17,316753627.0
2018-05-16,316545164.0
2018-05-15,316330385.0
2018-05-14,316120688.0
2018-05-13,315961894.0
2018-05-12,315779840.0
2018-05-11,315566216.0
2018-05-10,315357255.0
2018-05-09,315150676.0
2018-05-08,314932866.0
2018-05-07,314727803.0
2018-05-06,314556042.0
2018-05-05,314353339.0
2018-05-04,314134270.0
2018-05-03,313905749.0
2018-05-02,313693453.0
2018-05-01,313493494.0
2018-04-30,313278387.0
2018-04-29,313097589.0
2018-04-28,312893908.0
2018-04-27,312682789.0
2018-04-26,312466057.0
2018-04-25,312252902.0
2018-04-24,311998409.0
2018-04-23,311772056.0
2018-04-22,311600186.0
2018-04-21,311406211.0
2018-04-20,311198434.0
2018-04-19,310984911.0
2018-04-18,310784171.0
2018-04-17,310582351.0
2018-04-16,310386245.0
2018-04-15,310212214.0
2018-04-14,310050371.0
2018-04-13,309833089.0
2018-04-12,309622210.0
2018-04-11,309438962.0
2018-04-10,309252547.0
2018-04-09,309075984.0
2018-04-08,308937449.0
2018-04-07,308782810.0
2018-04-06,308609921.0
2018-04-05,308428089.0
2018-04-04,308242379.0
2018-04-03,308043460.0
2018-04-02,307875282.0
2018-04-01,307740153.0
2018-03-31,307591536.0
2018-03-30,307405596.0
2018-03-29,307213185.0
2018-03-28,307035664.0
2018-03-27,306848599.0
2018-03-26,306660749.0
2018-03-25,306525475.0
2018-03-24,306368388.0
2018-03-23,306188570.0
2018-03-22,306003383.0
2018-03-21,305808537.0
2018-03-20,305613369.0
2018-03-19,305421841.0
2018-03-18,305257440.0
2018-03-17,305102944.0
2018-03-16,304915965.0
2018-03-15,304709779.0
2018-03-14,304518737.0
2018-03-13,304322597.0
2018-03-12,304134203.0
2018-03-11,303983319.0
2018-03-10,303827091.0
2018-03-09,303628911.0
2018-03-08,303432489.0
2018-03-07,303218511.0
2018-03-06,303012495.0
2018-03-05,302811057.0
2018-03-04,302650826.0
2018-03-03,302473802.0
2018-03-02,302278729.0
2018-03-01,302044985.0
2018-02-28,301855762.0
2018-02-27,301636138.0
2018-02-26,301449664.0
2018-02-25,301304795.0
2018-02-24,301150261.0
2018-02-23,300965068.0
2018-02-22,300781833.0
2018-02-21,300576632.0
2018-02-20,300378177.0
2018-02-19,300190810.0
2018-02-18,300031315.0
2018-02-17,299857526.0
2018-02-16,299669788.0
2018-02-15,299471605.0
2018-02-14,299275188.0
2018-02-13,299092204.0
2018-02-12,298905286.0
2018-02-11,298758078.0
2018-02-10,298576295.0
2018-02-09,298398435.0
2018-02-08,298225146.0
2018-02-07,298011427.0
2018-02-06,297767307.0
2018-02-05,297550944.0
2018-02-04,297377257.0
2018-02-03,297182366.0
2018-02-02,296946448.0
2018-02-01,296688784.0
2018-01-31,296484508.0
2018-01-30,296247899.0
2018-01-29,296015723.0
2018-01-28,295802277.0
2018-01-27,295608699.0
2018-01-26,295388240.0
2018-01-25,295151660.0
2018-01-24,294901237.0
2018-01-23,294629301.0
2018-01-22,294383739.0
2018-01-21,294168117.0
2018-01-20,293927506.0
2018-01-19,293683887.0
2018-01-18,293374392.0
2018-01-17,293058621.0
2018-01-16,292754896.0
2018-01-15,292481273.0
2018-01-14,292246228.0
2018-01-13,291980493.0
2018-01-12,291680402.0
2018-01-11,291342443.0
2018-01-10,290995050.0
2018-01-09,290634785.0
2018-01-08,290289113.0
2018-01-07,289920926.0
2018-01-06,289562079.0
2018-01-05,289219372.0
2018-01-04,288794364.0
2018-01-03,288398401.0
2018-01-02,288057421.0
2018-01-01,287815664.0
2017-12-31,287525242.0
2017-12-30,287180835.0
2017-12-29,286827011.0
2017-12-28,286521958.0
2017-12-27,286214316.0
2017-12-26,285966876.0
2017-12-25,285737950.0
2017-12-24,285458427.0
2017-12-23,285150216.0
2017-12-22,284769568.0
2017-12-21,284434086.0
2017-12-20,284063809.0
2017-12-19,283685187.0
2017-12-18,283290948.0
2017-12-17,282899038.0
2017-12-16,282534816.0
2017-12-15,282129140.0
2017-12-14,281638496.0
2017-12-13,281213917.0
2017-12-12,280840940.0
2017-12-11,280472342.0
2017-12-10,280130922.0
2017-12-09,279727523.0
2017-12-08,279342431.0
2017-12-07,278970086.0
2017-12-06,278526499.0
2017-12-05,278120790.0
2017-12-04,277720104.0
2017-12-03,277367060.0
2017-12-02,277040706.0
2017-12-01,276627798.0
2017-11-30,276243412.0
2017-11-29,275845322.0
2017-11-28,275479345.0
2017-11-27,275100089.0
2017-11-26,274770412.0
2017-11-25,274433723.0
2017-11-24,274127988.0
2017-11-23,273775781.0
2017-11-22,273519072.0
2017-11-21,273147981.0
2017-11-20,272811777.0
2017-11-19,272546922.0
2017-11-18,272276048.0
2017-11-17,271969431.0
2017-11-16,271659035.0
2017-11-15,271337247.0
2017-11-14,271065252.0
2017-11-13,270755953.0
2017-11-12,270569987.0
2017-11-11,270375353.0
2017-11-10,270103608.0
2017-11-09,269762327.0
2017-11-08,269460981.0
2017-11-07,269125345.0
2017-11-06,268854316.0
2017-11-05,268602588.0
2017-11-04,268308467.0
2017-11-03,268030869.0
2017-11-02,267689395.0
2017-11-01,267447607.0
2017-10-31,267170072.0
2017-10-30,266853995.0
2017-10-29,266519970.0
2017-10-28,266312904.0
2017-10-27,266066212.0
2017-10-26,265800385.0
2017-10-25,265484970.0
2017-10-24,265137750.0
2017-10-23,264821654.0
2017-10-22,264532523.0
2017-10-21,264220266.0
2017-10-20,263907857.0
2017-10-19,263550872.0
2017-10-18,263221293.0
2017-10-17,262886855.0
2017-10-16,262572130.0
2017-10-15,262288657.0
2017-10-14,261995517.0
2017-10-13,261685698.0
2017-10-12,261392534.0
2017-10-11,261100075.0
2017-10-10,260796974.0
2017-10-09,260500028.0
2017-10-08,260261643.0
2017-10-07,260030417.0
2017-10-06,259746718.0
2017-10-05,259473475.0
2017-10-04,259240649.0
2017-10-03,258958517.0
2017-10-02,258663515.0
2017-10-01,258459862.0
2017-09-30,258247184.0
2017-09-29,257992746.0
2017-09-28,257716770.0
2017-09-27,257458809.0
2017-09-26,257195161.0
2017-09-25,256968558.0
2017-09-24,256783281.0
2017-09-23,256579420.0
2017-09-22,256351805.0
2017-09-21,256096548.0
2017-09-20,255860825.0
2017-09-19,255577908.0
2017-09-18,255359704.0
2017-09-17,255162021.0
2017-09-16,254933764.0
2017-09-15,254641685.0
2017-09-14,254373617.0
2017-09-13,254110297.0
2017-09-12,253854067.0
2017-09-11,253600575.0
2017-09-10,253407335.0
2017-09-09,253189445.0
2017-09-08,252909957.0
2017-09-07,252653583.0
2017-09-06,252377358.0
2017-09-05,252099410.0
2017-09-04,251830130.0
2017-09-03,251634841.0
2017-09-02,251398030.0
2017-09-01,251114360.0
2017-08-31,250833636.0
2017-08-30,250562170.0
2017-08-29,250281054.0
2017-08-28,250057283.0
2017-08-27,249795392.0
2017-08-26,249568907.0
2017-08-25,249360738.0
2017-08-24,249156933.0
2017-08-23,248841199.0
2017-08-22,248644916.0
2017-08-21,248408144.0
2017-08-20,248197292.0
2017-08-19,247930460.0
2017-08-18,247618210.0
2017-08-17,247270891.0
2017-08-16,246996025.0
2017-08-15,246685023.0
2017-08-14,246429661.0
2017-08-13,246166351.0
2017-08-12,245905830.0
2017-08-11,245621829.0
2017-08-10,245363864.0
2017-08-09,245102909.0
2017-08-08,244827335.0
2017-08-07,244578333.0
2017-08-06,244378706.0
2017-08-05,244138935.0
2017-08-04,243903143.0
2017-08-03,243690126.0
2017-08-02,243480805.0
2017-08-01,243348930.0
2017-07-31,243117918.0
2017-07-30,242933773.0
2017-07-29,242722639.0
2017-07-28,242475432.0
2017-07-27,242250063.0
2017-07-26,242012210.0
2017-07-25,241768174.0
2017-07-24,241528102.0
2017-07-23,241347071.0
2017-07-22,241123713.0
2017-07-21,240855270.0
2017-07-20,240625071.0
2017-07-19,240371303.0
2017-07-18,240110728.0
2017-07-17,239880413.0
2017-07-16,239677248.0
2017-07-15,239455397.0
2017-07-14,239227494.0
2017-07-13,238981599.0
2017-07-12,238724461.0
2017-07-11,238458702.0
2017-07-10,238206980.0
2017-07-09,238018856.0
2017-07-08,237798021.0
2017-07-07,237554407.0
2017-07-06,237329301.0
2017-07-05,237092293.0
2017-07-04,236836810.0
2017-07-03,236583566.0
2017-07-02,236387027.0
2017-07-01,236165171.0
2017-06-30,235897811.0
2017-06-29,235666757.0
2017-06-28,235386946.0
2017-06-27,235127209.0
2017-06-26,234865303.0
2017-06-25,234684584.0
2017-06-24,234457457.0
2017-06-23,234197519.0
2017-06-22,233927834.0
2017-06-21,233647631.0
2017-06-20,233378193.0
2017-06-19,233108419.0
2017-06-18,232899060.0
2017-06-17,232662506.0
2017-06-16,232392569.0
2017-06-15,232099428.0
2017-06-14,231811784.0
2017-06-13,231520008.0
2017-06-12,231250910.0
2017-06-11,231028018.0
2017-06-10,230773025.0
2017-06-09,230490841.0
2017-06-08,230183464.0
2017-06-07,229843744.0
2017-06-06,229546328.0
2017-06-05,229256398.0
2017-06-04,228990354.0
2017-06-03,228685034.0
2017-06-02,228413495.0
2017-06-01,228093786.0
2017-05-31,227772152.0
2017-05-30,227424191.0
2017-05-29,227102553.0
2017-05-28,226794410.0
2017-05-27,226462496.0
2017-05-26,226129156.0
2017-05-25,225779042.0
2017-05-24,225440400.0
2017-05-23,225072690.0
2017-05-22,224744822.0
2017-05-21,224418765.0
2017-05-20,224065960.0
2017-05-19,223746458.0
2017-05-18,223457554.0
2017-05-17,223140027.0
2017-05-16,222906050.0
2017-05-15,222576821.0
2017-05-14,222207723.0
2017-05-13,221878457.0
2017-05-12,221560759.0
2017-05-11,221266016.0
2017-05-10,220954625.0
2017-05-09,220621746.0
2017-05-08,220256650.0
2017-05-07,219940639.0
2017-05-06,219577617.0
2017-05-05,219310424.0
2017-05-04,218955687.0
2017-05-03,218660538.0
2017-05-02,218327377.0
2017-05-01,218032591.0
2017-04-30,217751102.0
2017-04-29,217409783.0
2017-04-28,217104512.0
2017-04-27,216806628.0
2017-04-26,216472157.0
2017-04-25,216146770.0
2017-04-24,215924099.0
2017-04-23,215679060.0
2017-04-22,215410348.0
2017-04-21,215079994.0
2017-04-20,214810369.0
2017-04-19,214500265.0
2017-04-18,214197174.0
2017-04-17,213951990.0
2017-04-16,213740161.0
2017-04-15,213468185.0
2017-04-14,213177977.0
2017-04-13,212949298.0
2017-04-12,212671205.0
2017-04-11,212363312.0
2017-04-10,212087816.0
2017-04-09,211849530.0
2017-04-08,211622571.0
2017-04-07,211327108.0
2017-04-06,211036643.0
2017-04-05,210720088.0
2017-04-04,210464073.0
2017-04-03,210175932.0
2017-04-02,209931729.0
2017-04-01,209675858.0
2017-03-31,209416455.0
2017-03-30,209127667.0
2017-03-29,208843736.0
2017-03-28,208549735.0
2017-03-27,208317444.0
2017-03-26,208095529.0
2017-03-25,207852554.0
2017-03-24,207563033.0
2017-03-23,207275162.0
2017-03-22,206954449.0
2017-03-21,206666394.0
2017-03-20,206389361.0
2017-03-19,206118122.0
2017-03-18,205854592.0
2017-03-17,205562396.0
2017-03-16,205235362.0
2017-03-15,204942928.0
2017-03-14,204632533.0
2017-03-13,204359454.0
2017-03-12,204138344.0
2017-03-11,203857663.0
2017-03-10,203549181.0
2017-03-09,203245549.0
2017-03-08,202948441.0
2017-03-07,202620539.0
2017-03-06,202332808.0
2017-03-05,202052069.0
2017-03-04,201783194.0
2017-03-03,201445884.0
2017-03-02,201116456.0
2017-03-01,200800573.0
2017-02-28,200475159.0
2017-02-27,200190604.0
2017-02-26,199925401.0
2017-02-25,199598880.0
2017-02-24,199248129.0
2017-02-23,198922216.0
2017-02-22,198638192.0
2017-02-21,198359102.0
2017-02-20,198076374.0
2017-02-19,197824653.0
2017-02-18,197536504.0
2017-02-17,197216737.0
2017-02-16,196931408.0
2017-02-15,196636622.0
2017-02-14,196321538.0
2017-02-13,196033248.0
2017-02-12,195795066.0
2017-02-11,195532380.0
2017-02-10,195227924.0
2017-02-09,194881380.0
2017-02-08,194573064.0
2017-02-07,194247796.0
2017-02-06,194017769.0
2017-02-05,193725668.0
2017-02-04,193439342.0
2017-02-03,193115779.0
2017-02-02,192856220.0
2017-02-01,192505660.0
2017-01-31,192197977.0
2017-01-30,191947148.0
2017-01-29,191705521.0
2017-01-28,191459126.0
2017-01-27,191195794.0
2017-01-26,190877890.0
2017-01-25,190571929.0
2017-01-24,190293752.0
2017-01-23,190057060.0
2017-01-22,189820174.0
2017-01-21,189556612.0
2017-01-20,189258235.0
2017-01-19,188957630.0
2017-01-18,188658879.0
2017-01-17,188366182.0
2017-01-16,188098542.0
2017-01-15,187862543.0
2017-01-14,187620274.0
2017-01-13,187345125.0
2017-01-12,187047369.0
2017-01-11,186744311.0
2017-01-10,186420423.0
2017-01-09,186150476.0
2017-01-08,185890375.0
2017-01-07,185605656.0
2017-01-06,185259251.0
2017-01-05,184970750.0
2017-01-04,184640586.0
2017-01-03,184338922.0
2017-01-02,184045240.0
2017-01-01,183864738.0
2016-12-31,183614465.0
2016-12-30,183327647.0
2016-12-29,183023042.0
2016-12-28,182717648.0
2016-12-27,182421102.0
2016-12-26,182176188.0
2016-12-25,181976574.0
2016-12-24,181735754.0
2016-12-23,181430757.0
2016-12-22,181116113.0
2016-12-21,180790436.0
2016-12-20,180493963.0
2016-12-19,180209111.0
2016-12-18,179973322.0
2016-12-17,179734288.0
2016-12-16,179454927.0
2016-12-15,179172242.0
2016-12-14,178885914.0
2016-12-13,178594157.0
2016-12-12,178594157.0
2016-12-11,178092651.0
2016-12-10,177842410.0
2016-12-09,177573595.0
2016-12-08,177290884.0
2016-12-07,176979523.0
2016-12-06,176659761.0
2016-12-05,176381760.0
2016-12-04,176136110.0
2016-12-03,175848122.0
2016-12-02,175529859.0
2016-12-01,175290177.0
2016-11-30,174997523.0
2016-11-29,174703383.0
2016-11-28,174404853.0
2016-11-27,174167464.0
2016-11-26,173888090.0
2016-11-25,173572703.0
2016-11-24,173239237.0
2016-11-23,172962313.0
2016-11-22,172676678.0
2016-11-21,172389264.0
2016-11-20,172142727.0
2016-11-19,171892967.0
2016-11-18,171617042.0
2016-11-17,171339582.0
2016-11-16,171048396.0
2016-11-15,170768044.0
2016-11-14,170497538.0
2016-11-13,170276210.0
2016-11-12,170047324.0
2016-11-11,169792705.0
2016-11-10,169521331.0
2016-11-09,169251236.0
2016-11-08,168955176.0
2016-11-07,168680895.0
2016-11-06,168452475.0
2016-11-05,168210443.0
2016-11-04,167962400.0
2016-11-03,167689062.0
2016-11-02,167420644.0
2016-11-01,167173994.0
2016-10-31,166932216.0
2016-10-30,166722879.0
2016-10-29,166493190.0
2016-10-28,166242314.0
2016-10-27,165915926.0
2016-10-26,165690002.0
2016-10-25,165452972.0
2016-10-24,165225992.0
2016-10-23,165034414.0
2016-10-22,164817706.0
2016-10-21,164552351.0
2016-10-20,164281971.0
2016-10-19,164080946.0
2016-10-18,163829425.0
2016-10-17,163592193.0
2016-10-16,163394317.0
2016-10-15,163183869.0
2016-10-14,162944145.0
2016-10-13,162714442.0
2016-10-12,162478778.0
2016-10-11,162215213.0
2016-10-10,161990439.0
2016-10-09,161779891.0
2016-10-08,161529219.0
2016-10-07,161260800.0
2016-10-06,160986314.0
2016-10-05,160719503.0
2016-10-04,160454841.0
2016-10-03,160194028.0
2016-10-02,160001345.0
2016-10-01,159787415.0
2016-09-30,159536472.0
2016-09-29,159293742.0
2016-09-28,159058747.0
2016-09-27,158815739.0
2016-09-26,158584970.0
2016-09-25,158387672.0
2016-09-24,158177162.0
2016-09-23,157953975.0
2016-09-22,157722748.0
2016-09-21,157483532.0
2016-09-20,157235545.0
2016-09-19,157012005.0
2016-09-18,156820402.0
2016-09-17,156604873.0
2016-09-16,156391731.0
2016-09-15,156158243.0
2016-09-14,155926443.0
2016-09-13,155685228.0
2016-09-12,155476579.0
2016-09-11,155296188.0
2016-09-10,155102868.0
2016-09-09,154880774.0
2016-09-08,154653768.0
2016-09-07,154402959.0
2016-09-06,154170841.0
2016-09-05,153943158.0
2016-09-04,153759914.0
2016-09-03,153577710.0
2016-09-02,153351854.0
2016-09-01,153113647.0
2016-08-31,152887270.0
2016-08-30,152632784.0
2016-08-29,152407502.0
2016-08-28,152233013.0
2016-08-27,152041915.0
2016-08-26,151815148.0
2016-08-25,151581139.0
2016-08-24,151343183.0
2016-08-23,151104162.0
2016-08-22,150874361.0
2016-08-21,150689457.0
2016-08-20,150479105.0
2016-08-19,150233010.0
2016-08-18,149993469.0
2016-08-17,149755466.0
2016-08-16,149499019.0
2016-08-15,149296123.0
2016-08-14,149095546.0
2016-08-13,148878289.0
2016-08-12,148645316.0
2016-08-11,148390801.0
2016-08-10,148145220.0
2016-08-09,147911516.0
2016-08-08,147675225.0
2016-08-07,147482811.0
2016-08-06,147286260.0
2016-08-05,147058016.0
2016-08-04,146826181.0
2016-08-03,146580632.0
2016-08-02,146328380.0
2016-08-01,146103331.0
2016-07-31,145911077.0
2016-07-30,145711593.0
2016-07-29,145480179.0
2016-07-28,145243233.0
2016-07-27,145007630.0
2016-07-26,144769957.0
2016-07-25,144529424.0
2016-07-24,144342903.0
2016-07-23,144147107.0
2016-07-22,143925703.0
2016-07-21,143708097.0
2016-07-20,143480668.0
2016-07-19,143258522.0
2016-07-18,143032695.0
2016-07-17,142861682.0
2016-07-16,142679490.0
2016-07-15,142463409.0
2016-07-14,142242754.0
2016-07-13,142024661.0
2016-07-12,141805627.0
2016-07-11,141587538.0
2016-07-10,141424930.0
2016-07-09,141239525.0
2016-07-08,141028824.0
2016-07-07,140812012.0
2016-07-06,140597321.0
2016-07-05,140382362.0
2016-07-04,140168462.0
2016-07-03,139991335.0
2016-07-02,139792460.0
2016-07-01,139582051.0
2016-06-30,139350091.0
2016-06-29,139125979.0
2016-06-28,138912921.0
2016-06-27,138695892.0
2016-06-26,138512137.0
2016-06-25,138301139.0
2016-06-24,138062251.0
2016-06-23,137820951.0
2016-06-22,137585310.0
2016-06-21,137337146.0
2016-06-20,137087812.0
2016-06-19,136869514.0
2016-06-18,136633223.0
2016-06-17,136379471.0
2016-06-16,136111601.0
2016-06-15,135849091.0
2016-06-14,135601459.0
2016-06-13,135350105.0
2016-06-12,135139394.0
2016-06-11,134926235.0
2016-06-10,134697868.0
2016-06-09,134461515.0
2016-06-08,134231582.0
2016-06-07,133983006.0
2016-06-06,133761835.0
2016-06-05,133571307.0
2016-06-04,133374642.0
2016-06-03,133139973.0
2016-06-02,132908874.0
2016-06-01,132674489.0
2016-05-31,132459240.0
2016-05-30,132247871.0
2016-05-29,132069129.0
2016-05-28,131876075.0
2016-05-27,131660779.0
2016-05-26,131440686.0
2016-05-25,131192842.0
2016-05-24,130946325.0
2016-05-23,130723570.0
2016-05-22,130539222.0
2016-05-21,130347761.0
2016-05-20,130138365.0
2016-05-19,129919219.0
2016-05-18,129684135.0
2016-05-17,129445509.0
2016-05-16,129205700.0
2016-05-15,129005529.0
2016-05-14,128794249.0
2016-05-13,128562103.0
2016-05-12,128333694.0
2016-05-11,128099282.0
2016-05-10,127853561.0
2016-05-09,127627110.0
2016-05-08,127441548.0
2016-05-07,127239486.0
2016-05-06,127006254.0
2016-05-05,126776674.0
2016-05-04,126542981.0
2016-05-03,126307372.0
2016-05-02,126083587.0
2016-05-01,125892157.0
2016-04-30,125676445.0
2016-04-29,125414561.0
2016-04-28,125166603.0
2016-04-27,124927168.0
2016-04-26,124676424.0
2016-04-25,124458860.0
2016-04-24,124275705.0
2016-04-23,124090489.0
2016-04-22,123879513.0
2016-04-21,123666718.0
2016-04-20,123449938.0
2016-04-19,123222143.0
2016-04-18,123018978.0
2016-04-17,122827500.0
2016-04-16,122634879.0
2016-04-15,122418029.0
2016-04-14,122187748.0
2016-04-13,121965037.0
2016-04-12,121724837.0
2016-04-11,121507459.0
2016-04-10,121325797.0
2016-04-09,121118242.0
2016-04-08,120902801.0
2016-04-07,120682886.0
2016-04-06,120464301.0
2016-04-05,120247617.0
2016-04-04,120046638.0
2016-04-03,119869916.0
2016-04-02,119673265.0
2016-04-01,119469454.0
2016-03-31,119260478.0
2016-03-30,119052572.0
2016-03-29,118860731.0
2016-03-28,118679431.0
2016-03-27,118517945.0
2016-03-26,118355547.0
2016-03-25,118181938.0
2016-03-24,117986953.0
2016-03-23,117799076.0
2016-03-22,117588588.0
2016-03-21,117399360.0
2016-03-20,117223397.0
2016-03-19,117034534.0
2016-03-18,116830956.0
2016-03-17,116623983.0
2016-03-16,116408010.0
2016-03-15,116408010.0
2016-03-14,116210333.0
2016-03-13,116022932.0
2016-03-12,115706388.0
2016-03-11,115512514.0
2016-03-10,115319903.0
2016-03-09,115132280.0
2016-03-08,114938351.0
2016-03-07,114754821.0
2016-03-06,114583335.0
2016-03-05,114345218.0
2016-03-04,114133114.0
2016-03-03,113911857.0
2016-03-02,113635409.0
2016-03-01,113374790.0
2016-02-29,113109095.0
2016-02-28,112884398.0
2016-02-27,112701975.0
2016-02-26,112492095.0
2016-02-25,112273396.0
2016-02-24,112048284.0
2016-02-23,111801706.0
2016-02-22,111576742.0
2016-02-21,111367466.0
2016-02-20,111142207.0
2016-02-19,110926655.0
2016-02-18,110713890.0
2016-02-17,110486487.0
2016-02-16,110267707.0
2016-02-15,110060310.0
2016-02-14,109871383.0
2016-02-13,109680823.0
2016-02-12,109477917.0
2016-02-11,109250454.0
2016-02-10,109016513.0
2016-02-09,108785714.0
2016-02-08,108565155.0
2016-02-07,108353021.0
2016-02-06,108120269.0
2016-02-05,107904359.0
2016-02-04,107703294.0
2016-02-03,107503207.0
2016-02-02,107271209.0
2016-02-01,107049445.0
2016-01-31,106880820.0
2016-01-30,106670836.0
2016-01-29,106448214.0
2016-01-28,106216760.0
2016-01-27,105990375.0
2016-01-26,105754200.0
2016-01-25,105543608.0
2016-01-24,105350036.0
2016-01-23,105149123.0
2016-01-22,104923017.0
2016-01-21,104712777.0
2016-01-20,104516744.0
2016-01-19,104311009.0
2016-01-18,104097075.0
2016-01-17,103904344.0
2016-01-16,103714043.0
2016-01-15,103528938.0
2016-01-14,103345548.0
2016-01-13,103153920.0
2016-01-12,102957264.0
2016-01-11,102777493.0
2016-01-10,102612806.0
2016-01-09,102434432.0
2016-01-08,102244431.0
2016-01-07,102066558.0
2016-01-06,101889080.0
2016-01-05,101702068.0
2016-01-04,101531892.0
2016-01-03,101390828.0
2016-01-02,101247924.0
2016-01-01,101124301.0
2015-12-31,100960169.0
2015-12-30,100778333.0
2015-12-29,100591293.0
2015-12-28,100424456.0
2015-12-27,100267902.0
2015-12-26,100096998.0
2015-12-25,99912874.0
2015-12-24,99685685.0
2015-12-23,99464396.0
2015-12-22,99241266.0
2015-12-21,99019154.0
2015-12-20,98827713.0
2015-12-19,98610769.0
2015-12-18,98396382.0
2015-12-17,98176782.0
2015-12-16,97954251.0
2015-12-15,97726545.0
2015-12-14,97505046.0
2015-12-13,97318895.0
2015-12-12,97107439.0
2015-12-11,96896241.0
2015-12-10,96684789.0
2015-12-09,96462286.0
2015-12-08,96270189.0
2015-12-07,96084401.0
2015-12-06,96084401.0
2015-12-05,95904624.0
2015-12-04,95543467.0
2015-12-03,95373150.0
2015-12-02,95195873.0
2015-12-01,95011469.0
2015-11-30,94839286.0
2015-11-29,94708528.0
2015-11-28,94536926.0
2015-11-27,94380187.0
2015-11-26,94215457.0
2015-11-25,94062994.0
2015-11-24,93912938.0
2015-11-23,93770240.0
2015-11-22,93643676.0
2015-11-21,93484824.0
2015-11-20,93329696.0
2015-11-19,93175135.0
2015-11-18,93006548.0
2015-11-17,92848294.0
2015-11-16,92697352.0
2015-11-15,92558885.0
2015-11-14,92402820.0
2015-11-13,92245832.0
2015-11-12,92091613.0
2015-11-11,91920454.0
2015-11-10,91766424.0
2015-11-09,91613629.0
2015-11-08,91478844.0
2015-11-07,91317249.0
2015-11-06,91152035.0
2015-11-05,90962709.0
2015-11-04,90751588.0
2015-11-03,90573561.0
2015-11-02,90413905.0
2015-11-01,90257257.0
2015-10-31,90101965.0
2015-10-30,89937027.0
2015-10-29,89771405.0
2015-10-28,89616631.0
2015-10-27,89475022.0
2015-10-26,89348981.0
2015-10-25,89220772.0
2015-10-24,89079945.0
2015-10-23,88933723.0
2015-10-22,88783832.0
2015-10-21,88622801.0
2015-10-20,88484721.0
2015-10-19,88348138.0
2015-10-18,88348138.0
2015-10-17,88227280.0
2015-10-16,88087972.0
2015-10-15,87944087.0
2015-10-14,87786859.0
2015-10-13,87650600.0
2015-10-12,87516843.0
2015-10-11,87389916.0
2015-10-10,87284038.0
2015-10-09,87155420.0
2015-10-08,87035930.0
2015-10-07,86896340.0
2015-10-06,86756824.0
2015-10-05,86614478.0
2015-10-04,86496950.0
2015-10-03,86396092.0
2015-10-02,86263212.0
2015-10-01,86127271.0
2015-09-30,85991386.0
2015-09-29,85850035.0
2015-09-28,85710595.0
2015-09-27,85579710.0
2015-09-26,85352860.0
2015-09-25,85222120.0
2015-09-24,85097298.0
2015-09-23,84962334.0
2015-09-22,84825512.0
2015-09-21,84700845.0
2015-09-20,84594912.0
2015-09-19,84476913.0
2015-09-18,84288583.0
2015-09-17,84047237.0
2015-09-16,83878178.0
2015-09-15,83712185.0
2015-09-14,83548654.0
2015-09-13,83409334.0
2015-09-12,83255796.0
2015-09-11,83090508.0
2015-09-10,82967725.0
2015-09-09,82839106.0
2015-09-08,82712355.0
2015-09-07,82593314.0
2015-09-06,82487213.0
2015-09-05,82349786.0
2015-09-04,82254378.0
2015-09-03,82116932.0
2015-09-02,81979189.0
2015-09-01,81838219.0
2015-08-31,81720234.0
2015-08-30,81627896.0
2015-08-29,81514174.0
2015-08-28,81392482.0
2015-08-27,81276148.0
2015-08-26,81150599.0
2015-08-25,81025539.0
2015-08-24,80908513.0
2015-08-23,80814730.0
2015-08-22,80706935.0
2015-08-21,80590624.0
2015-08-20,80473790.0
2015-08-19,80350926.0
2015-08-18,80230795.0
2015-08-17,80122546.0
2015-08-16,80122546.0
2015-08-15,80035963.0
2015-08-14,79929844.0
2015-08-13,79821894.0
2015-08-12,79703558.0
2015-08-11,79587804.0
2015-08-10,79470881.0
2015-08-09,79360195.0
2015-08-08,79271770.0
2015-08-07,79167350.0
2015-08-06,79042692.0
2015-08-05,78910198.0
2015-08-04,78779952.0
2015-08-03,78647233.0
2015-08-02,78528673.0
2015-08-01,78429697.0
2015-07-31,78266522.0
2015-07-30,78132882.0
2015-07-29,77999185.0
2015-07-28,77862990.0
2015-07-27,77745578.0
2015-07-26,77634247.0
2015-07-25,77544597.0
2015-07-24,77438559.0
2015-07-23,77328707.0
2015-07-22,77217125.0
2015-07-21,77069605.0
2015-07-20,76946238.0
2015-07-19,76833798.0
2015-07-18,76699155.0
2015-07-17,76578538.0
2015-07-16,76460490.0
2015-07-15,76346678.0
2015-07-14,76224338.0
2015-07-13,76104631.0
2015-07-12,75928089.0
2015-07-11,75723360.0
2015-07-10,75551708.0
2015-07-09,75337221.0
2015-07-08,75150019.0
2015-07-07,74949599.0
2015-07-06,74747678.0
2015-07-05,74595937.0
2015-07-04,74494223.0
2015-07-03,74379913.0
2015-07-02,74241102.0
2015-07-01,74105535.0
2015-06-30,73954618.0
2015-06-29,73805615.0
2015-06-28,73688496.0
2015-06-27,73590806.0
2015-06-26,73481930.0
2015-06-25,73366290.0
2015-06-24,73252961.0
2015-06-23,73138490.0
2015-06-22,73009695.0
2015-06-21,72897907.0
2015-06-20,72806704.0
2015-06-19,72691925.0
2015-06-18,72566495.0
2015-06-17,72444494.0
2015-06-16,72310747.0
2015-06-15,72186653.0
2015-06-14,72064374.0
2015-06-13,71963862.0
2015-06-12,71851049.0
2015-06-11,71726027.0
2015-06-10,71600880.0
2015-06-09,71467816.0
2015-06-08,71352183.0
2015-06-07,71258146.0
2015-06-06,71169706.0
2015-06-05,71067701.0
2015-06-04,70958001.0
2015-06-03,70834108.0
2015-06-02,70708709.0
2015-06-01,70575220.0
2015-05-31,70458261.0
2015-05-30,70362224.0
2015-05-29,70229317.0
2015-05-28,70106169.0
2015-05-27,69996383.0
2015-05-26,69887825.0
2015-05-25,69780854.0
2015-05-24,69675335.0
2015-05-23,69587339.0
2015-05-22,69494665.0
2015-05-21,69394074.0
2015-05-20,69294112.0
2015-05-19,69186429.0
2015-05-18,69079926.0
2015-05-17,68982011.0
2015-05-16,68896433.0
2015-05-15,68803408.0
2015-05-14,68695526.0
2015-05-13,68594298.0
2015-05-12,68485683.0
2015-05-11,68371259.0
2015-05-10,68268293.0
2015-05-09,68178239.0
2015-05-08,68079522.0
2015-05-07,67971157.0
2015-05-06,67857737.0
2015-05-05,67744241.0
2015-05-04,67630070.0
2015-05-03,67535950.0
2015-05-02,67449913.0
2015-05-01,67353497.0
2015-04-30,67248261.0
2015-04-29,67134191.0
2015-04-28,67017202.0
2015-04-27,66904768.0
2015-04-26,66795386.0
2015-04-25,66701625.0
2015-04-24,66600835.0
2015-04-23,66490267.0
2015-04-22,66383026.0
2015-04-21,66269369.0
2015-04-20,66155308.0
2015-04-19,66040180.0
2015-04-18,65953867.0
2015-04-17,65853383.0
2015-04-16,65751294.0
2015-04-15,65647231.0
2015-04-14,65541770.0
2015-04-13,65428398.0
2015-04-12,65323116.0
2015-04-11,65234232.0
2015-04-10,65130778.0
2015-04-09,65016687.0
2015-04-08,64898865.0
2015-04-07,64790818.0
2015-04-06,64679032.0
2015-04-05,64578083.0
2015-04-04,64484035.0
2015-04-03,64389883.0
2015-04-02,64286123.0
2015-04-01,64170437.0
2015-03-31,64043847.0
2015-03-30,63938553.0
2015-03-29,63836448.0
2015-03-28,63748992.0
2015-03-27,63658939.0
2015-03-26,63552637.0
2015-03-25,63454246.0
2015-03-24,63360316.0
2015-03-23,63263919.0
2015-03-22,63157589.0
2015-03-21,63073258.0
2015-03-20,62972800.0
2015-03-19,62869691.0
2015-03-18,62767277.0
2015-03-17,62664292.0
2015-03-16,62560054.0
2015-03-15,62462260.0
2015-03-14,62377783.0
2015-03-13,62288955.0
2015-03-12,62192210.0
2015-03-11,62094556.0
2015-03-10,61991700.0
2015-03-09,61879353.0
2015-03-08,61782904.0
2015-03-07,61696378.0
2015-03-06,61602108.0
2015-03-05,61505741.0
2015-03-04,61409130.0
2015-03-03,61304284.0
2015-03-02,61195142.0
2015-03-01,61092207.0
2015-02-28,61005933.0
2015-02-27,60915674.0
2015-02-26,60812279.0
2015-02-25,60710931.0
2015-02-24,60606146.0
2015-02-23,60501683.0
2015-02-22,60404747.0
2015-02-21,60318719.0
2015-02-20,60226178.0
2015-02-19,60129469.0
2015-02-18,60033464.0
2015-02-17,59928909.0
2015-02-16,59830010.0
2015-02-15,59726671.0
2015-02-14,59641316.0
2015-02-13,59534312.0
2015-02-12,59426922.0
2015-02-11,59333054.0
2015-02-10,59234353.0
2015-02-09,59130802.0
2015-02-08,59034942.0
2015-02-07,58952226.0
2015-02-06,58866019.0
2015-02-05,58782579.0
2015-02-04,58692551.0
2015-02-03,58603198.0
2015-02-02,58509699.0
2015-02-01,58426469.0
2015-01-31,58347276.0
2015-01-30,58263514.0
2015-01-29,58177154.0
2015-01-28,58088635.0
2015-01-27,57999348.0
2015-01-26,57900313.0
2015-01-25,57794890.0
2015-01-24,57712532.0
2015-01-23,57622902.0
2015-01-22,57535685.0
2015-01-21,57440706.0
2015-01-20,57340455.0
2015-01-19,57241565.0
2015-01-18,57147469.0
2015-01-17,57060422.0
2015-01-16,56970583.0
2015-01-15,56858053.0
2015-01-14,56742266.0
2015-01-13,56637785.0
2015-01-12,56538695.0
2015-01-11,56440510.0
2015-01-10,56346553.0
2015-01-09,56240658.0
2015-01-08,56135447.0
2015-01-07,56036321.0
2015-01-06,55943409.0
2015-01-05,55856249.0
2015-01-04,55762496.0
2015-01-03,55676926.0
2015-01-02,55594094.0
2015-01-01,55521860.0
2014-12-31,55462897.0
2014-12-30,55379129.0
2014-12-29,55293882.0
2014-12-28,55214070.0
2014-12-27,55139297.0
2014-12-26,55060521.0
2014-12-25,54988821.0
2014-12-24,54918137.0
2014-12-23,54828622.0
2014-12-22,54728852.0
2014-12-21,54639415.0
2014-12-20,54558586.0
2014-12-19,54467093.0
2014-12-18,54375041.0
2014-12-17,54271880.0
2014-12-16,54178176.0
2014-12-15,54079386.0
2014-12-14,53983659.0
2014-12-13,53909733.0
2014-12-12,53830221.0
2014-12-11,53750118.0
2014-12-10,53664289.0
2014-12-09,53573594.0
2014-12-08,53484007.0
2014-12-07,53399509.0
2014-12-06,53322152.0
2014-12-05,53238519.0
2014-12-04,53145619.0
2014-12-03,53044790.0
2014-12-02,52947494.0
2014-12-01,52846708.0
2014-11-30,52751488.0
2014-11-29,52670554.0
2014-11-28,52589102.0
2014-11-27,52503115.0
2014-11-26,52420136.0
2014-11-25,52330117.0
2014-11-24,52247304.0
2014-11-23,52163507.0
2014-11-22,52088466.0
2014-11-21,52010634.0
2014-11-20,51924057.0
2014-11-19,51838560.0
2014-11-18,51751239.0
2014-11-17,51663715.0
2014-11-16,51578514.0
2014-11-15,51505176.0
2014-11-14,51430345.0
2014-11-13,51341714.0
2014-11-12,51241597.0
2014-11-11,51153828.0
2014-11-10,51066490.0
2014-11-09,50981671.0
2014-11-08,50909454.0
2014-11-07,50833504.0
2014-11-06,50743962.0
2014-11-05,50653621.0
2014-11-04,50564372.0
2014-11-03,50473986.0
2014-11-02,50389464.0
2014-11-01,50313637.0
2014-10-31,50239089.0
2014-10-30,50151027.0
2014-10-29,50057689.0
2014-10-28,49967421.0
2014-10-27,49878821.0
2014-10-26,49798686.0
2014-10-25,49728149.0
2014-10-24,49654709.0
2014-10-23,49573066.0
2014-10-22,49493893.0
2014-10-21,49414347.0
2014-10-20,49332926.0
2014-10-19,49254483.0
2014-10-18,49191819.0
2014-10-17,49122345.0
2014-10-16,49050519.0
2014-10-15,48976509.0
2014-10-14,48899378.0
2014-10-13,48817887.0
2014-10-12,48742583.0
2014-10-11,48678637.0
2014-10-10,48612913.0
2014-10-09,48528102.0
2014-10-08,48449158.0
2014-10-07,48368834.0
2014-10-06,48290089.0
2014-10-05,48214963.0
2014-10-04,48148290.0
2014-10-03,48077860.0
2014-10-02,48005162.0
2014-10-01,47930532.0
2014-09-30,47852335.0
2014-09-29,47773745.0
2014-09-28,47700462.0
2014-09-27,47638262.0
2014-09-26,47571320.0
2014-09-25,47498042.0
2014-09-24,47420478.0
2014-09-23,47339374.0
2014-09-22,47268234.0
2014-09-21,47199708.0
2014-09-20,47136557.0
2014-09-19,47074242.0
2014-09-18,47002615.0
2014-09-17,46922861.0
2014-09-16,46843077.0
2014-09-15,46753751.0
2014-09-14,46679609.0
2014-09-13,46613576.0
2014-09-12,46550967.0
2014-09-11,46484664.0
2014-09-10,46416991.0
2014-09-09,46340574.0
2014-09-08,46260706.0
2014-09-07,46188952.0
2014-09-06,46129433.0
2014-09-05,46061904.0
2014-09-04,45994856.0
2014-09-03,45923916.0
2014-09-02,45851880.0
2014-09-01,45780341.0
2014-08-31,45714136.0
2014-08-30,45654385.0
2014-08-29,45590551.0
2014-08-28,45522887.0
2014-08-27,45453679.0
2014-08-26,45379361.0
2014-08-25,45305442.0
2014-08-24,45239031.0
2014-08-23,45184008.0
2014-08-22,45123819.0
2014-08-21,45055585.0
2014-08-20,44980115.0
2014-08-19,44907017.0
2014-08-18,44831559.0
2014-08-17,44763579.0
2014-08-16,44704260.0
2014-08-15,44628921.0
2014-08-14,44559223.0
2014-08-13,44478030.0
2014-08-12,44403019.0
2014-08-11,44324175.0
2014-08-10,44253991.0
2014-08-09,44195505.0
2014-08-08,44132545.0
2014-08-07,44063420.0
2014-08-06,43992688.0
2014-08-05,43913868.0
2014-08-04,43840940.0
2014-08-03,43777888.0
2014-08-02,43725338.0
2014-08-01,43665450.0
2014-07-31,43596167.0
2014-07-30,43528446.0
2014-07-29,43464004.0
2014-07-28,43399307.0
2014-07-27,43339746.0
2014-07-26,43286691.0
2014-07-25,43229163.0
2014-07-24,43166028.0
2014-07-23,43101213.0
2014-07-22,43032312.0
2014-07-21,42965391.0
2014-07-20,42903811.0
2014-07-19,42849069.0
2014-07-18,42790579.0
2014-07-17,42728152.0
2014-07-16,42659514.0
2014-07-15,42591747.0
2014-07-14,42522276.0
2014-07-13,42462399.0
2014-07-12,42409276.0
2014-07-11,42355095.0
2014-07-10,42295146.0
2014-07-09,42231000.0
2014-07-08,42160255.0
2014-07-07,42090213.0
2014-07-06,42030227.0
2014-07-05,41976861.0
2014-07-04,41928346.0
2014-07-03,41866445.0
2014-07-02,41803173.0
2014-07-01,41735449.0
2014-06-30,41664395.0
2014-06-29,41602386.0
2014-06-28,41550135.0
2014-06-27,41493252.0
2014-06-26,41430531.0
2014-06-25,41368177.0
2014-06-24,41304417.0
2014-06-23,41239651.0
2014-06-22,41183003.0
2014-06-21,41132574.0
2014-06-20,41080743.0
2014-06-19,41020859.0
2014-06-18,40958539.0
2014-06-17,40891547.0
2014-06-16,40824277.0
2014-06-15,40758930.0
2014-06-14,40705148.0
2014-06-13,40646187.0
2014-06-12,40581096.0
2014-06-11,40519513.0
2014-06-10,40457902.0
2014-06-09,40392442.0
2014-06-08,40336425.0
2014-06-07,40288695.0
2014-06-06,40235479.0
2014-06-05,40170620.0
2014-06-04,40103925.0
2014-06-03,40037490.0
2014-06-02,39967579.0
2014-06-01,39906400.0
2014-05-31,39853424.0
2014-05-30,39798258.0
2014-05-29,39731323.0
2014-05-28,39665393.0
2014-05-27,39593016.0
2014-05-26,39525976.0
2014-05-25,39460181.0
2014-05-24,39406253.0
2014-05-23,39348107.0
2014-05-22,39273514.0
2014-05-21,39202488.0
2014-05-20,39131368.0
2014-05-19,39061816.0
2014-05-18,39001448.0
2014-05-17,38950787.0
2014-05-16,38895210.0
2014-05-15,38826317.0
2014-05-14,38753556.0
2014-05-13,38683525.0
2014-05-12,38612853.0
2014-05-11,38542789.0
2014-05-10,38491123.0
2014-05-09,38431328.0
2014-05-08,38363635.0
2014-05-07,38295242.0
2014-05-06,38224818.0
2014-05-05,38148082.0
2014-05-04,38084649.0
2014-05-03,38033398.0
2014-05-02,37977286.0
2014-05-01,37916885.0
2014-04-30,37855975.0
2014-04-29,37792028.0
2014-04-28,37727821.0
2014-04-27,37664935.0
2014-04-26,37614543.0
2014-04-25,37556106.0
2014-04-24,37478068.0
2014-04-23,37410409.0
2014-04-22,37338262.0
2014-04-21,37264970.0
2014-04-20,37207009.0
2014-04-19,37157615.0
2014-04-18,37100930.0
2014-04-17,37044330.0
2014-04-16,36977118.0
2014-04-15,36908716.0
2014-04-14,36833834.0
2014-04-13,36769503.0
2014-04-12,36720083.0
2014-04-11,36668176.0
2014-04-10,36601302.0
2014-04-09,36532228.0
2014-04-08,36467950.0
2014-04-07,36397849.0
2014-04-06,36335627.0
2014-04-05,36288171.0
2014-04-04,36228561.0
2014-04-03,36162983.0
2014-04-02,36095691.0
2014-04-01,36028935.0
2014-03-31,35964243.0
2014-03-30,35901147.0
2014-03-29,35845814.0
2014-03-28,35790865.0
2014-03-27,35721710.0
2014-03-26,35650770.0
2014-03-25,35580873.0
2014-03-24,35508389.0
2014-03-23,35441007.0
2014-03-22,35384185.0
2014-03-21,35315046.0
2014-03-20,35241065.0
2014-03-19,35168948.0
2014-03-18,35101529.0
2014-03-17,35043648.0
2014-03-16,34978711.0
2014-03-15,34919981.0
2014-03-14,34854083.0
2014-03-13,34785348.0
2014-03-12,34709992.0
2014-03-11,34633973.0
2014-03-10,34557887.0
2014-03-09,34491101.0
2014-03-08,34429812.0
2014-03-07,34358793.0
2014-03-06,34289234.0
2014-03-05,34217615.0
2014-03-04,34143437.0
2014-03-03,34057521.0
2014-03-02,33984936.0
2014-03-01,33925869.0
2014-02-28,33862525.0
2014-02-27,33790867.0
2014-02-26,33719420.0
2014-02-25,33647893.0
2014-02-24,33563889.0
2014-02-23,33495393.0
2014-02-22,33436761.0
2014-02-21,33377070.0
2014-02-20,33303557.0
2014-02-19,33231891.0
2014-02-18,33165540.0
2014-02-17,33097207.0
2014-02-16,33040088.0
2014-02-15,32983303.0
2014-02-14,32919196.0
2014-02-13,32842536.0
2014-02-12,32775648.0
2014-02-11,32712843.0
2014-02-10,32649971.0
2014-02-09,32582349.0
2014-02-08,32523065.0
2014-02-07,32458996.0
2014-02-06,32387126.0
2014-02-05,32317405.0
2014-02-04,32249453.0
2014-02-03,32183641.0
2014-02-02,32124740.0
2014-02-01,32074340.0
2014-01-31,32017500.0
2014-01-30,31955501.0
2014-01-29,31894582.0
2014-01-28,31832796.0
2014-01-27,31767109.0
2014-01-26,31706363.0
2014-01-25,31654733.0
2014-01-24,31599362.0
2014-01-23,31531469.0
2014-01-22,31467942.0
2014-01-21,31401584.0
2014-01-20,31330063.0
2014-01-19,31271244.0
2014-01-18,31222020.0
2014-01-17,31168730.0
2014-01-16,31110333.0
2014-01-15,31052741.0
2014-01-14,30992349.0
2014-01-13,30936770.0
2014-01-12,30882014.0
2014-01-11,30832706.0
2014-01-10,30776242.0
2014-01-09,30719496.0
2014-01-08,30661131.0
2014-01-07,30598247.0
2014-01-06,30536121.0
2014-01-05,30468524.0
2014-01-04,30412763.0
2014-01-03,30358785.0
2014-01-02,30294964.0
2014-01-01,30246540.0
2013-12-31,30205064.0
2013-12-30,30152682.0
2013-12-29,30096181.0
2013-12-28,30047150.0
2013-12-27,29999373.0
2013-12-26,29944203.0
2013-12-25,29895628.0
2013-12-24,29838551.0
2013-12-23,29781679.0
2013-12-22,29729646.0
2013-12-21,29678103.0
2013-12-20,29618963.0
2013-12-19,29549488.0
2013-12-18,29480674.0
2013-12-17,29399018.0
2013-12-16,29327430.0
2013-12-15,29264340.0
2013-12-14,29212455.0
2013-12-13,29156597.0
2013-12-12,29096770.0
2013-12-11,29037093.0
2013-12-10,28968712.0
2013-12-09,28900838.0
2013-12-08,28843549.0
2013-12-07,28794375.0
2013-12-06,28719250.0
2013-12-05,28647973.0
2013-12-04,28562978.0
2013-12-03,28483240.0
2013-12-02,28405038.0
2013-12-01,28330714.0
2013-11-30,28263539.0
2013-11-29,28182671.0
2013-11-28,28092262.0
2013-11-27,27990252.0
2013-11-26,27899083.0
2013-11-25,27819028.0
2013-11-24,27747091.0
2013-11-23,27687073.0
2013-11-22,27611908.0
2013-11-21,27535262.0
2013-11-20,27464238.0
2013-11-19,27386276.0
2013-11-18,27292954.0
2013-11-17,27219756.0
2013-11-16,27171715.0
2013-11-15,27120120.0
2013-11-14,27058020.0
2013-11-13,26987845.0
2013-11-12,26924694.0
2013-11-11,26866184.0
2013-11-10,26811626.0
2013-11-09,26754457.0
2013-11-08,26696653.0
2013-11-07,26636692.0
2013-11-06,26578061.0
2013-11-05,26523026.0
2013-11-04,26471892.0
2013-11-03,26429798.0
2013-11-02,26393983.0
2013-11-01,26352804.0
2013-10-31,26304498.0
2013-10-30,26248022.0
2013-10-29,26200111.0
2013-10-28,26148874.0
2013-10-27,26100239.0
2013-10-26,26055851.0
2013-10-25,26006498.0
2013-10-24,25946645.0
2013-10-23,25883380.0
2013-10-22,25828808.0
2013-10-21,25763902.0
2013-10-20,25705760.0
2013-10-19,25655896.0
2013-10-18,25601257.0
2013-10-17,25540811.0
2013-10-16,25495618.0
2013-10-15,25443671.0
2013-10-14,25386351.0
2013-10-13,25330588.0
2013-10-12,25279340.0
2013-10-11,25229666.0
2013-10-10,25175217.0
2013-10-09,25117448.0
2013-10-08,25070457.0
2013-10-07,25027592.0
2013-10-06,24984357.0
2013-10-05,24939606.0
2013-10-04,24891711.0
2013-10-03,24836915.0
2013-10-02,24775207.0
2013-10-01,24714665.0
2013-09-30,24659345.0
2013-09-29,24617272.0
2013-09-28,24575531.0
2013-09-27,24530871.0
2013-09-26,24480442.0
2013-09-25,24426180.0
2013-09-24,24368030.0
2013-09-23,24304467.0
2013-09-22,24244181.0
2013-09-21,24191495.0
2013-09-20,24138209.0
2013-09-19,24079219.0
2013-09-18,24020215.0
2013-09-17,23955832.0
2013-09-16,23889541.0
2013-09-15,23839150.0
2013-09-14,23792386.0
2013-09-13,23745239.0
2013-09-12,23696877.0
2013-09-11,23645895.0
2013-09-10,23596383.0
2013-09-09,23542832.0
2013-09-08,23487866.0
2013-09-07,23441396.0
2013-09-06,23387165.0
2013-09-05,23323753.0
2013-09-04,23263531.0
2013-09-03,23212395.0
2013-09-02,23161892.0
2013-09-01,23111436.0
2013-08-31,23065858.0
2013-08-30,23013325.0
2013-08-29,22952609.0
2013-08-28,22891084.0
2013-08-27,22827439.0
2013-08-26,22766423.0
2013-08-25,22712895.0
2013-08-24,22667801.0
2013-08-23,22616716.0
2013-08-22,22556747.0
2013-08-21,22493975.0
2013-08-20,22430559.0
2013-08-19,22364020.0
2013-08-18,22294082.0
2013-08-17,22240948.0
2013-08-16,22181695.0
2013-08-15,22113394.0
2013-08-14,22054365.0
2013-08-13,22003881.0
2013-08-12,21950397.0
2013-08-11,21904586.0
2013-08-10,21863527.0
2013-08-09,21811487.0
2013-08-08,21758246.0
2013-08-07,21701210.0
2013-08-06,21643985.0
2013-08-05,21591725.0
2013-08-04,21543822.0
2013-08-03,21499217.0
2013-08-02,21450152.0
2013-08-01,21396978.0
2013-07-31,21351155.0
2013-07-30,21299236.0
2013-07-29,21259238.0
2013-07-28,21214978.0
2013-07-27,21181867.0
2013-07-26,21145880.0
2013-07-25,21104452.0
2013-07-24,21062148.0
2013-07-23,21022185.0
2013-07-22,20982541.0
2013-07-21,20945284.0
2013-07-20,20908400.0
2013-07-19,20874774.0
2013-07-18,20836754.0
2013-07-17,20795497.0
2013-07-16,20755932.0
2013-07-15,20717148.0
2013-07-14,20680410.0
2013-07-13,20646260.0
2013-07-12,20605947.0
2013-07-11,20555902.0
2013-07-10,20514862.0
2013-07-09,20475522.0
2013-07-08,20433745.0
2013-07-07,20396833.0
2013-07-06,20367968.0
2013-07-05,20330989.0
2013-07-04,20294698.0
2013-07-03,20260138.0
2013-07-02,20224787.0
2013-07-01,20181523.0
2013-06-30,20147470.0
2013-06-29,20114476.0
2013-06-28,20075503.0
2013-06-27,20027179.0
2013-06-26,19980382.0
2013-06-25,19934806.0
2013-06-24,19889218.0
2013-06-23,19848255.0
2013-06-22,19807621.0
2013-06-21,19765050.0
2013-06-20,19712056.0
2013-06-19,19662616.0
2013-06-18,19615713.0
2013-06-17,19568688.0
2013-06-16,19525289.0
2013-06-15,19485213.0
2013-06-14,19443682.0
2013-06-13,19395558.0
2013-06-12,19352256.0
2013-06-11,19305839.0
2013-06-10,19254631.0
2013-06-09,19212225.0
2013-06-08,19165988.0
2013-06-07,19118015.0
2013-06-06,19063684.0
2013-06-05,19007766.0
2013-06-04,18952819.0
2013-06-03,18892701.0
2013-06-02,18840653.0
2013-06-01,18789642.0
2013-05-31,18737252.0
2013-05-30,18679636.0
2013-05-29,18622466.0
2013-05-28,18567547.0
2013-05-27,18512409.0
2013-05-26,18460032.0
2013-05-25,18420153.0
2013-05-24,18364317.0
2013-05-23,18309211.0
2013-05-22,18254387.0
2013-05-21,18200406.0
2013-05-20,18145742.0
2013-05-19,18095649.0
2013-05-18,18048559.0
2013-05-17,17996577.0
2013-05-16,17935681.0
2013-05-15,17875138.0
2013-05-14,17808727.0
2013-05-13,17745440.0
2013-05-12,17683250.0
2013-05-11,17613930.0
2013-05-10,17543520.0
2013-05-09,17475583.0
2013-05-08,17409213.0
2013-05-07,17361854.0
2013-05-06,17302639.0
2013-05-05,17251395.0
2013-05-04,17201976.0
2013-05-03,17153627.0
2013-05-02,17097768.0
2013-05-01,17040490.0
2013-04-30,16990053.0
2013-04-29,16941258.0
2013-04-28,16891249.0
2013-04-27,16850263.0
2013-04-26,16801938.0
2013-04-25,16745405.0
2013-04-24,16684191.0
2013-04-23,16616209.0
2013-04-22,16558905.0
2013-04-21,16512168.0
2013-04-20,16467014.0
2013-04-19,16418998.0
2013-04-18,16361135.0
2013-04-17,16308530.0
2013-04-16,16252366.0
2013-04-15,16186569.0
2013-04-14,16131358.0
2013-04-13,16077941.0
2013-04-12,16022580.0
2013-04-11,15962185.0
2013-04-10,15894460.0
2013-04-09,15825640.0
2013-04-08,15764211.0
2013-04-07,15700741.0
2013-04-06,15641921.0
2013-04-05,15584721.0
2013-04-04,15528658.0
2013-04-03,15459610.0
2013-04-02,15394438.0
2013-04-01,15334170.0
2013-03-31,15281701.0
2013-03-30,15237115.0
2013-03-29,15177328.0
2013-03-28,15111123.0
2013-03-27,15053953.0
2013-03-26,15001960.0
2013-03-25,14954713.0
2013-03-24,14903702.0
2013-03-23,14853868.0
2013-03-22,14795866.0
2013-03-21,14735737.0
2013-03-20,14681897.0
2013-03-19,14639318.0
2013-03-18,14590613.0
2013-03-17,14551222.0
2013-03-16,14517058.0
2013-03-15,14473709.0
2013-03-14,14413645.0
2013-03-13,14354813.0
2013-03-12,14298636.0
2013-03-11,14254226.0
2013-03-10,14186616.0
2013-03-09,14115286.0
2013-03-08,14067615.0
2013-03-07,14002801.0
2013-03-06,13940378.0
2013-03-05,13873941.0
2013-03-04,13817902.0
2013-03-03,13753645.0
2013-03-02,13704014.0
2013-03-01,13643355.0
2013-02-28,13577558.0
2013-02-27,13516565.0
2013-02-26,13453613.0
2013-02-25,13391608.0
2013-02-24,13326444.0
2013-02-23,13268649.0
2013-02-22,13209263.0
2013-02-21,13150343.0
2013-02-20,13091347.0
2013-02-19,13033734.0
2013-02-18,12978136.0
2013-02-17,12931818.0
2013-02-16,12881418.0
2013-02-15,12830200.0
2013-02-14,12772695.0
2013-02-13,12718846.0
2013-02-12,12661448.0
2013-02-11,12602597.0
2013-02-10,12543762.0
2013-02-09,12486399.0
2013-02-08,12435552.0
2013-02-07,12369624.0
2013-02-06,12311409.0
2013-02-05,12266626.0
2013-02-04,12213181.0
2013-02-03,12155701.0
2013-02-02,12099489.0
2013-02-01,12040655.0
2013-01-31,11983899.0
2013-01-30,11937795.0
2013-01-29,11891985.0
2013-01-28,11838368.0
2013-01-27,11786047.0
2013-01-26,11732596.0
2013-01-25,11679176.0
2013-01-24,11633131.0
2013-01-23,11586524.0
2013-01-22,11538257.0
2013-01-21,11498058.0
2013-01-20,11456701.0
2013-01-19,11415065.0
2013-01-18,11358610.0
2013-01-17,11307714.0
2013-01-16,11259693.0
2013-01-15,11207496.0
2013-01-14,11161843.0
2013-01-13,11118044.0
2013-01-12,11071207.0
2013-01-11,11024371.0
2013-01-10,10969709.0
2013-01-09,10918316.0
2013-01-08,10874981.0
2013-01-07,10839591.0
2013-01-06,10798731.0
2013-01-05,10764212.0
2013-01-04,10725281.0
2013-01-03,10675355.0
2013-01-02,10633942.0
2013-01-01,10594956.0
2012-12-31,10566336.0
2012-12-30,10532108.0
2012-12-29,10488357.0
2012-12-28,10449109.0
2012-12-27,10401595.0
2012-12-26,10358476.0
2012-12-25,10322736.0
2012-12-24,10295176.0
2012-12-23,10258077.0
2012-12-22,10218849.0
2012-12-21,10166837.0
2012-12-20,10126179.0
2012-12-19,10090046.0
2012-12-18,10041030.0
2012-12-17,9994440.0
2012-12-16,9953612.0
2012-12-15,9919623.0
2012-12-14,9886097.0
2012-12-13,9844700.0
2012-12-12,9804440.0
2012-12-11,9769118.0
2012-12-10,9732777.0
2012-12-09,9694303.0
2012-12-08,9661465.0
2012-12-07,9629608.0
2012-12-06,9596721.0
2012-12-05,9559520.0
2012-12-04,9526344.0
2012-12-03,9498294.0
2012-12-02,9475887.0
2012-12-01,9455332.0
2012-11-30,9417610.0
2012-11-29,9389247.0
2012-11-28,9350197.0
2012-11-27,9313676.0
2012-11-26,9284148.0
2012-11-25,9249338.0
2012-11-24,9214517.0
2012-11-23,9185348.0
2012-11-22,9153866.0
2012-11-21,9120935.0
2012-11-20,9079690.0
2012-11-19,9042129.0
2012-11-18,9006969.0
2012-11-17,8973825.0
2012-11-16,8939552.0
2012-11-15,8902266.0
2012-11-14,8864523.0
2012-11-13,8835302.0
2012-11-12,8810461.0
2012-11-11,8785809.0
2012-11-10,8762081.0
2012-11-09,8735486.0
2012-11-08,8708635.0
2012-11-07,8673650.0
2012-11-06,8636208.0
2012-11-05,8608149.0
2012-11-04,8575947.0
2012-11-03,8553255.0
2012-11-02,8527991.0
2012-11-01,8500493.0
2012-10-31,8475035.0
2012-10-30,8446433.0
2012-10-29,8416503.0
2012-10-28,8397359.0
2012-10-27,8379978.0
2012-10-26,8362490.0
2012-10-25,8339950.0
2012-10-24,8311824.0
2012-10-23,8278256.0
2012-10-22,8238141.0
2012-10-21,8202494.0
2012-10-20,8162720.0
2012-10-19,8135047.0
2012-10-18,8106577.0
2012-10-17,8078145.0
2012-10-16,8045371.0
2012-10-15,8011907.0
2012-10-14,7982217.0
2012-10-13,7955236.0
2012-10-12,7917958.0
2012-10-11,7893758.0
2012-10-10,7863677.0
2012-10-09,7831422.0
2012-10-08,7795519.0
2012-10-07,7757153.0
2012-10-06,7725477.0
2012-10-05,7689815.0
2012-10-04,7655406.0
2012-10-03,7625888.0
2012-10-02,7593703.0
2012-10-01,7565160.0
2012-09-30,7541357.0
2012-09-29,7520214.0
2012-09-28,7493805.0
2012-09-27,7463907.0
2012-09-26,7433713.0
2012-09-25,7401827.0
2012-09-24,7378052.0
2012-09-23,7346773.0
2012-09-22,7322578.0
2012-09-21,7298731.0
2012-09-20,7268774.0
2012-09-19,7234949.0
2012-09-18,7202830.0
2012-09-17,7171517.0
2012-09-16,7146094.0
2012-09-15,7118743.0
2012-09-14,7088403.0
2012-09-13,7053257.0
2012-09-12,7025358.0
2012-09-11,6994952.0
2012-09-10,6957139.0
2012-09-09,6925084.0
2012-09-08,6895008.0
2012-09-07,6860649.0
2012-09-06,6828172.0
2012-09-05,6783954.0
2012-09-04,6742540.0
2012-09-03,6705600.0
2012-09-02,6664534.0
2012-09-01,6633266.0
2012-08-31,6591326.0
2012-08-30,6549831.0
2012-08-29,6518471.0
2012-08-28,6484667.0
2012-08-27,6453829.0
2012-08-26,6422521.0
2012-08-25,6391996.0
2012-08-24,6356505.0
2012-08-23,6325536.0
2012-08-22,6293771.0
2012-08-21,6253137.0
2012-08-20,6212643.0
2012-08-19,6176395.0
2012-08-18,6141373.0
2012-08-17,6102603.0
2012-08-16,6061706.0
2012-08-15,6012541.0
2012-08-14,5963471.0
2012-08-13,5925866.0
2012-08-12,5876188.0
2012-08-11,5842437.0
2012-08-10,5812458.0
2012-08-09,5785096.0
2012-08-08,5751979.0
2012-08-07,5713124.0
2012-08-06,5684488.0
2012-08-05,5648528.0
2012-08-04,5616525.0
2012-08-03,5588359.0
2012-08-02,5559003.0
2012-08-01,5526528.0
2012-07-31,5492365.0
2012-07-30,5456202.0
2012-07-29,5417998.0
2012-07-28,5385210.0
2012-07-27,5352023.0
2012-07-26,5325593.0
2012-07-25,5294941.0
2012-07-24,5265814.0
2012-07-23,5235869.0
2012-07-22,5199968.0
2012-07-21,5169993.0
2012-07-20,5132395.0
2012-07-19,5097012.0
2012-07-18,5065935.0
2012-07-17,5035202.0
2012-07-16,5000509.0
2012-07-15,4969948.0
2012-07-14,4944062.0
2012-07-13,4918645.0
2012-07-12,4895204.0
2012-07-11,4868711.0
2012-07-10,4838546.0
2012-07-09,4805104.0
2012-07-08,4779811.0
2012-07-07,4758114.0
2012-07-06,4731985.0
2012-07-05,4710023.0
2012-07-04,4687978.0
2012-07-03,4665986.0
2012-07-02,4643040.0
2012-07-01,4617768.0
2012-06-30,4598934.0
2012-06-29,4575326.0
2012-06-28,4552987.0
2012-06-27,4525672.0
2012-06-26,4495036.0
2012-06-25,4462489.0
2012-06-24,4436504.0
2012-06-23,4414624.0
2012-06-22,4392965.0
2012-06-21,4367415.0
2012-06-20,4340914.0
2012-06-19,4307439.0
2012-06-18,4269331.0
2012-06-17,4230303.0
2012-06-16,4190013.0
2012-06-15,4140700.0
2012-06-14,4083293.0
2012-06-13,4026296.0
2012-06-12,3974256.0
2012-06-11,3953460.0
2012-06-10,3918185.0
2012-06-09,3878857.0
2012-06-08,3847334.0
2012-06-07,3820360.0
2012-06-06,3789793.0
2012-06-05,3771518.0
2012-06-04,3726200.0
2012-06-03,3681216.0
2012-06-02,3654562.0
2012-06-01,3635992.0
2012-05-31,3611279.0
2012-05-30,3590328.0
2012-05-29,3564585.0
2012-05-28,3533425.0
2012-05-27,3500899.0
2012-05-26,3478648.0
2012-05-25,3454666.0
2012-05-24,3425659.0
2012-05-23,3399639.0
2012-05-22,3372855.0
2012-05-21,3347532.0
2012-05-20,3318399.0
2012-05-19,3285071.0
2012-05-18,3246939.0
2012-05-17,3225181.0
2012-05-16,3210289.0
2012-05-15,3190612.0
2012-05-14,3169795.0
2012-05-13,3141785.0
2012-05-12,3127701.0
2012-05-11,3105646.0
2012-05-10,3091450.0
2012-05-09,3078727.0
2012-05-08,3059862.0
2012-05-07,3042686.0
2012-05-06,3026403.0
2012-05-05,3013987.0
2012-05-04,3000397.0
2012-05-03,2986021.0
2012-05-02,2973738.0
2012-05-01,2964365.0
2012-04-30,2954295.0
2012-04-29,2945231.0
2012-04-28,2937181.0
2012-04-27,2930008.0
2012-04-26,2922942.0
2012-04-25,2912899.0
2012-04-24,2905153.0
2012-04-23,2897758.0
2012-04-22,2890913.0
2012-04-21,2884145.0
2012-04-20,2876375.0
2012-04-19,2868359.0
2012-04-18,2860336.0
2012-04-17,2852191.0
2012-04-16,2843837.0
2012-04-15,2835991.0
2012-04-14,2828678.0
2012-04-13,2820743.0
2012-04-12,2813194.0
2012-04-11,2804681.0
2012-04-10,2797196.0
2012-04-09,2788761.0
2012-04-08,2782716.0
2012-04-07,2776655.0
2012-04-06,2770503.0
2012-04-05,2763503.0
2012-04-04,2756526.0
2012-04-03,2749047.0
2012-04-02,2741508.0
2012-04-01,2735422.0
2012-03-31,2729803.0
2012-03-30,2723517.0
2012-03-29,2716343.0
2012-03-28,2708817.0
2012-03-27,2701683.0
2012-03-26,2695337.0
2012-03-25,2688868.0
2012-03-24,2682619.0
2012-03-23,2676158.0
2012-03-22,2669865.0
2012-03-21,2663109.0
2012-03-20,2656129.0
2012-03-19,2649525.0
2012-03-18,2642846.0
2012-03-17,2637101.0
2012-03-16,2629628.0
2012-03-15,2622922.0
2012-03-14,2616345.0
2012-03-13,2609249.0
2012-03-12,2602444.0
2012-03-11,2596716.0
2012-03-10,2591542.0
2012-03-09,2585488.0
2012-03-08,2579010.0
2012-03-07,2572375.0
2012-03-06,2565801.0
2012-03-05,2559088.0
2012-03-04,2552359.0
2012-03-03,2546342.0
2012-03-02,2540641.0
2012-03-01,2532945.0
2012-02-29,2526232.0
2012-02-28,2519407.0
2012-02-27,2512780.0
2012-02-26,2506305.0
2012-02-25,2500454.0
2012-02-24,2493866.0
2012-02-23,2486663.0
2012-02-22,2478782.0
2012-02-21,2471658.0
2012-02-20,2465310.0
2012-02-19,2459192.0
2012-02-18,2453260.0
2012-02-17,2446584.0
2012-02-16,2439456.0
2012-02-15,2430170.0
2012-02-14,2420659.0
2012-02-13,2410949.0
2012-02-12,2403435.0
2012-02-11,2396030.0
2012-02-10,2388406.0
2012-02-09,2379764.0
2012-02-08,2372505.0
2012-02-07,2365886.0
2012-02-06,2359087.0
2012-02-05,2352587.0
2012-02-04,2345971.0
2012-02-03,2338374.0
2012-02-02,2331431.0
2012-02-01,2324476.0
2012-01-31,2317576.0
2012-01-30,2311107.0
2012-01-29,2305088.0
2012-01-28,2298624.0
2012-01-27,2292529.0
2012-01-26,2285985.0
2012-01-25,2279249.0
2012-01-24,2271232.0
2012-01-23,2264415.0
2012-01-22,2258431.0
2012-01-21,2253172.0
2012-01-20,2246401.0
2012-01-19,2239683.0
2012-01-18,2233219.0
2012-01-17,2226004.0
2012-01-16,2219459.0
2012-01-15,2212774.0
2012-01-14,2206099.0
2012-01-13,2199365.0
2012-01-12,2192541.0
2012-01-11,2185598.0
2012-01-10,2178430.0
2012-01-09,2171841.0
2012-01-08,2165842.0
2012-01-07,2159552.0
2012-01-06,2153341.0
2012-01-05,2146980.0
2012-01-04,2140063.0
2012-01-03,2134427.0
2012-01-02,2128883.0
2012-01-01,2123074.0
2011-12-31,2118551.0
2011-12-30,2113194.0
2011-12-29,2108170.0
2011-12-28,2103147.0
2011-12-27,2098178.0
2011-12-26,2092607.0
2011-12-25,2087226.0
2011-12-24,2081919.0
2011-12-23,2077243.0
2011-12-22,2071503.0
2011-12-21,2065685.0
2011-12-20,2060018.0
2011-12-19,2053334.0
2011-12-18,2048134.0
2011-12-17,2043519.0
2011-12-16,2038700.0
2011-12-15,2033381.0
2011-12-14,2027905.0
2011-12-13,2022780.0
2011-12-12,2017265.0
2011-12-11,2012341.0
2011-12-10,2007101.0
2011-12-09,2001307.0
2011-12-08,1995621.0
2011-12-07,1989834.0
2011-12-06,1982715.0
2011-12-05,1975694.0
2011-12-04,1969347.0
2011-12-03,1964057.0
2011-12-02,1958524.0
2011-12-01,1952208.0
2011-11-30,1945473.0
2011-11-29,1939141.0
2011-11-28,1932612.0
2011-11-27,1926687.0
2011-11-26,1921893.0
2011-11-25,1916889.0
2011-11-24,1911515.0
2011-11-23,1906495.0
2011-11-22,1900875.0
2011-11-21,1895504.0
2011-11-20,1890460.0
2011-11-19,1885664.0
2011-11-18,1880755.0
2011-11-17,1875937.0
2011-11-16,1870341.0
2011-11-15,1864486.0
2011-11-14,1858044.0
2011-11-13,1852424.0
2011-11-12,1847336.0
2011-11-11,1841990.0
2011-11-10,1836551.0
2011-11-09,1830187.0
2011-11-08,1823560.0
2011-11-07,1817812.0
2011-11-06,1812483.0
2011-11-05,1807462.0
2011-11-04,1800887.0
2011-11-03,1794225.0
2011-11-02,1788479.0
2011-11-01,1782729.0
2011-10-31,1776844.0
2011-10-30,1771888.0
2011-10-29,1767000.0
2011-10-28,1761174.0
2011-10-27,1756063.0
2011-10-26,1751324.0
2011-10-25,1746017.0
2011-10-24,1740735.0
2011-10-23,1734816.0
2011-10-22,1729365.0
2011-10-21,1724545.0
2011-10-20,1719188.0
2011-10-19,1714480.0
2011-10-18,1709670.0
2011-10-17,1704108.0
2011-10-16,1698515.0
2011-10-15,1693637.0
2011-10-14,1687557.0
2011-10-13,1681881.0
2011-10-12,1677142.0
2011-10-11,1670644.0
2011-10-10,1664798.0
2011-10-09,1659268.0
2011-10-08,1653645.0
2011-10-07,1648041.0
2011-10-06,1642532.0
2011-10-05,1636528.0
2011-10-04,1630310.0
2011-10-03,1624994.0
2011-10-02,1618721.0
2011-10-01,1613576.0
2011-09-30,1607992.0
2011-09-29,1602230.0
2011-09-28,1596521.0
2011-09-27,1590726.0
2011-09-26,1584671.0
2011-09-25,1578754.0
2011-09-24,1573083.0
2011-09-23,1566852.0
2011-09-22,1561032.0
2011-09-21,1554224.0
2011-09-20,1546146.0
2011-09-19,1538726.0
2011-09-18,1532454.0
2011-09-17,1526679.0
2011-09-16,1520498.0
2011-09-15,1514456.0
2011-09-14,1508416.0
2011-09-13,1501901.0
2011-09-12,1495337.0
2011-09-11,1488915.0
2011-09-10,1482614.0
2011-09-09,1476161.0
2011-09-08,1468895.0
2011-09-07,1462414.0
2011-09-06,1455236.0
2011-09-05,1447531.0
2011-09-04,1440250.0
2011-09-03,1433638.0
2011-09-02,1427313.0
2011-09-01,1420396.0
2011-08-31,1413174.0
2011-08-30,1405894.0
2011-08-29,1398048.0
2011-08-28,1390241.0
2011-08-27,1384788.0
2011-08-26,1377800.0
2011-08-25,1370321.0
2011-08-24,1363239.0
2011-08-23,1355906.0
2011-08-22,1348481.0
2011-08-21,1340557.0
2011-08-20,1333202.0
2011-08-19,1326077.0
2011-08-18,1318290.0
2011-08-17,1310833.0
2011-08-16,1302705.0
2011-08-15,1293446.0
2011-08-14,1285099.0
2011-08-13,1277478.0
2011-08-12,1270092.0
2011-08-11,1263028.0
2011-08-10,1254912.0
2011-08-09,1246530.0
2011-08-08,1237892.0
2011-08-07,1230782.0
2011-08-06,1224057.0
2011-08-05,1216977.0
2011-08-04,1209669.0
2011-08-03,1201418.0
2011-08-02,1193364.0
2011-08-01,1184551.0
2011-07-31,1176519.0
2011-07-30,1169090.0
2011-07-29,1162236.0
2011-07-28,1154776.0
2011-07-27,1146958.0
2011-07-26,1138629.0
2011-07-25,1130228.0
2011-07-24,1120673.0
2011-07-23,1112807.0
2011-07-22,1104773.0
2011-07-21,1096336.0
2011-07-20,1087728.0
2011-07-19,1079183.0
2011-07-18,1069320.0
2011-07-17,1061135.0
2011-07-16,1052025.0
2011-07-15,1044204.0
2011-07-14,1035574.0
2011-07-13,1027155.0
2011-07-12,1017580.0
2011-07-11,1008785.0
2011-07-10,998918.0
2011-07-09,990861.0
2011-07-08,982464.0
2011-07-07,974253.0
2011-07-06,964861.0
2011-07-05,953808.0
2011-07-04,945327.0
2011-07-03,935832.0
2011-07-02,927859.0
2011-07-01,918405.0
2011-06-30,908955.0
2011-06-29,899070.0
2011-06-28,888912.0
2011-06-27,878020.0
2011-06-26,866582.0
2011-06-25,856284.0
2011-06-24,846767.0
2011-06-23,835633.0
2011-06-22,825121.0
2011-06-21,813311.0
2011-06-20,804159.0
2011-06-19,792881.0
2011-06-18,781403.0
2011-06-17,769378.0
2011-06-16,757830.0
2011-06-15,746053.0
2011-06-14,731881.0
2011-06-13,719279.0
2011-06-12,707041.0
2011-06-11,695373.0
2011-06-10,684211.0
2011-06-09,672978.0
2011-06-08,660811.0
2011-06-07,649417.0
2011-06-06,640713.0
2011-06-05,630905.0
2011-06-04,622744.0
2011-06-03,613971.0
2011-06-02,605597.0
2011-06-01,598440.0
2011-05-31,592371.0
2011-05-30,586168.0
2011-05-29,581333.0
2011-05-28,576608.0
2011-05-27,571554.0
2011-05-26,566063.0
2011-05-25,559245.0
2011-05-24,553073.0
2011-05-23,547511.0
2011-05-22,541736.0
2011-05-21,536289.0
2011-05-20,531467.0
2011-05-19,526664.0
2011-05-18,521533.0
2011-05-17,516536.0
2011-05-16,512181.0
2011-05-15,508021.0
2011-05-14,504031.0
2011-05-13,499682.0
2011-05-12,495278.0
2011-05-11,492642.0
2011-05-10,489370.0
2011-05-09,486223.0
2011-05-08,482663.0
2011-05-07,479886.0
2011-05-06,475997.0
2011-05-05,472748.0
2011-05-04,469349.0
2011-05-03,466382.0
2011-05-02,463147.0
2011-05-01,460628.0
2011-04-30,455980.0
2011-04-29,451958.0
2011-04-28,448484.0
2011-04-27,444866.0
2011-04-26,440316.0
2011-04-25,437563.0
2011-04-24,435047.0
2011-04-23,432551.0
2011-04-22,430451.0
2011-04-21,428189.0
2011-04-20,426277.0
2011-04-19,423104.0
2011-04-18,419537.0
2011-04-17,416826.0
2011-04-16,414506.0
2011-04-15,412526.0
2011-04-14,410525.0
2011-04-13,407557.0
2011-04-12,405077.0
2011-04-11,403058.0
2011-04-10,401179.0
2011-04-09,399526.0
2011-04-08,397777.0
2011-04-07,396077.0
2011-04-06,394235.0
2011-04-05,392467.0
2011-04-04,390195.0
2011-04-03,387868.0
2011-04-02,386265.0
2011-04-01,384461.0
2011-03-31,382888.0
2011-03-30,380682.0
2011-03-29,379057.0
2011-03-28,376142.0
2011-03-27,372722.0
2011-03-26,370450.0
2011-03-25,367463.0
2011-03-24,365376.0
2011-03-23,363158.0
2011-03-22,358790.0
2011-03-21,356489.0
2011-03-20,349167.0
2011-03-19,346493.0
2011-03-18,343379.0
2011-03-17,340620.0
2011-03-16,337432.0
2011-03-15,334195.0
2011-03-14,331696.0
2011-03-13,328715.0
2011-03-12,326240.0
2011-03-11,323428.0
2011-03-10,321321.0
2011-03-09,319830.0
2011-03-08,318043.0
2011-03-07,315513.0
2011-03-06,313393.0
2011-03-05,311475.0
2011-03-04,309529.0
2011-03-03,307410.0
2011-03-02,304408.0
2011-03-01,301434.0
2011-02-28,299774.0
2011-02-27,297842.0
2011-02-26,295581.0
2011-02-25,293617.0
2011-02-24,291483.0
2011-02-23,289526.0
2011-02-22,287132.0
2011-02-21,284980.0
2011-02-20,283011.0
2011-02-19,281313.0
2011-02-18,279540.0
2011-02-17,277454.0
2011-02-16,275199.0
2011-02-15,273137.0
2011-02-14,270870.0
2011-02-13,268892.0
2011-02-12,267051.0
2011-02-11,265148.0
2011-02-10,262715.0
2011-02-09,260849.0
2011-02-08,259816.0
2011-02-07,258974.0
2011-02-06,258063.0
2011-02-05,257206.0
2011-02-04,256319.0
2011-02-03,255401.0
2011-02-02,254624.0
2011-02-01,253620.0
2011-01-31,252635.0
2011-01-30,250820.0
2011-01-29,248617.0
2011-01-28,247327.0
2011-01-27,246291.0
2011-01-26,245391.0
2011-01-25,244406.0
2011-01-24,243441.0
2011-01-23,242107.0
2011-01-22,241034.0
2011-01-21,239603.0
2011-01-20,238556.0
2011-01-19,237709.0
2011-01-18,236742.0
2011-01-17,235872.0
2011-01-16,235056.0
2011-01-15,234029.0
2011-01-14,233097.0
2011-01-13,231812.0
2011-01-12,230541.0
2011-01-11,229308.0
2011-01-10,228046.0
2011-01-09,226688.0
2011-01-08,225495.0
2011-01-07,224103.0
2011-01-06,223223.0
2011-01-05,222373.0
2011-01-04,221181.0
2011-01-03,219939.0
2011-01-02,219086.0
2011-01-01,218493.0
2010-12-31,217899.0
2010-12-30,217320.0
2010-12-29,216778.0
2010-12-28,216137.0
2010-12-27,215553.0
2010-12-26,215046.0
2010-12-25,214396.0
2010-12-24,213841.0
2010-12-23,213263.0
2010-12-22,212711.0
2010-12-21,212077.0
2010-12-20,211461.0
2010-12-19,210527.0
2010-12-18,209980.0
2010-12-17,209514.0
2010-12-16,209011.0
2010-12-15,208488.0
2010-12-14,207878.0
2010-12-13,207195.0
2010-12-12,206472.0
2010-12-11,205908.0
2010-12-10,205404.0
2010-12-09,205022.0
2010-12-08,204506.0
2010-12-07,203969.0
2010-12-06,203421.0
2010-12-05,202974.0
2010-12-04,202538.0
2010-12-03,202136.0
2010-12-02,201725.0
2010-12-01,201253.0
2010-11-30,200748.0
2010-11-29,200293.0
2010-11-28,199858.0
2010-11-27,199401.0
2010-11-26,198911.0
2010-11-25,197369.0
2010-11-24,191486.0
2010-11-23,188737.0
2010-11-22,188399.0
2010-11-21,188004.0
2010-11-20,177626.0
2010-11-19,165304.0
2010-11-18,157573.0
2010-11-17,157139.0
2010-11-16,156676.0
2010-11-15,144589.0
2010-11-14,142734.0
2010-11-13,142335.0
2010-11-12,142002.0
2010-11-11,141706.0
2010-11-10,141277.0
2010-11-09,140905.0
2010-11-08,140447.0
2010-11-07,139949.0
2010-11-06,139504.0
2010-11-05,139115.0
2010-11-04,138699.0
2010-11-03,138360.0
2010-11-02,138026.0
2010-11-01,137743.0
2010-10-31,137379.0
2010-10-30,137068.0
2010-10-29,136624.0
2010-10-28,136158.0
2010-10-27,135658.0
2010-10-26,135089.0
2010-10-25,134603.0
2010-10-24,134124.0
2010-10-23,133651.0
2010-10-22,133028.0
2010-10-21,132533.0
2010-10-20,131931.0
2010-10-19,131238.0
2010-10-18,130274.0
2010-10-17,129757.0
2010-10-16,129272.0
2010-10-15,128860.0
2010-10-14,128527.0
2010-10-13,128151.0
2010-10-12,127801.0
2010-10-11,127440.0
2010-10-10,127092.0
2010-10-09,126719.0
2010-10-08,126337.0
2010-10-07,125994.0
2010-10-06,125624.0
2010-10-05,125216.0
2010-10-04,124863.0
2010-10-03,124449.0
2010-10-02,124048.0
2010-10-01,123547.0
2010-09-30,122984.0
2010-09-29,122626.0
2010-09-28,121628.0
2010-09-27,121161.0
2010-09-26,120522.0
2010-09-25,120068.0
2010-09-24,119617.0
2010-09-23,119059.0
2010-09-22,118361.0
2010-09-21,117562.0
2010-09-20,116926.0
2010-09-19,116504.0
2010-09-18,116165.0
2010-09-17,115734.0
2010-09-16,115355.0
2010-09-15,114975.0
2010-09-14,114525.0
2010-09-13,114088.0
2010-09-12,113652.0
2010-09-11,113302.0
2010-09-10,113006.0
2010-09-09,112628.0
2010-09-08,112285.0
2010-09-07,111993.0
2010-09-06,111722.0
2010-09-05,111424.0
2010-09-04,111121.0
2010-09-03,110835.0
2010-09-02,110521.0
2010-09-01,110213.0
2010-08-31,109805.0
2010-08-30,109340.0
2010-08-29,109052.0
2010-08-28,108784.0
2010-08-27,108436.0
2010-08-26,108145.0
2010-08-25,107771.0
2010-08-24,107375.0
2010-08-23,107038.0
2010-08-22,106649.0
2010-08-21,106299.0
2010-08-20,105951.0
2010-08-19,105553.0
2010-08-18,105185.0
2010-08-17,104808.0
2010-08-16,104456.0
2010-08-15,104138.0
2010-08-14,103715.0
2010-08-13,103291.0
2010-08-12,102783.0
2010-08-11,102376.0
2010-08-10,101992.0
2010-08-09,101590.0
2010-08-08,101167.0
2010-08-07,100844.0
2010-08-06,100557.0
2010-08-05,100189.0
2010-08-04,99585.0
2010-08-03,99210.0
2010-08-02,98587.0
2010-08-01,98174.0
2010-07-31,97850.0
2010-07-30,97555.0
2010-07-29,97193.0
2010-07-28,93738.0
2010-07-27,93396.0
2010-07-26,92951.0
2010-07-25,92483.0
2010-07-24,90146.0
2010-07-23,89772.0
2010-07-22,89380.0
2010-07-21,88952.0
2010-07-20,88487.0
2010-07-19,87860.0
2010-07-18,87373.0
2010-07-17,86946.0
2010-07-16,86484.0
2010-07-15,85091.0
2010-07-14,83298.0
2010-07-13,77639.0
2010-07-12,75900.0
2010-07-11,74070.0
2010-07-10,73828.0
2010-07-09,73590.0
2010-07-08,73332.0
2010-07-07,73092.0
2010-07-06,72883.0
2010-07-05,72659.0
2010-07-04,72416.0
2010-07-03,72171.0
2010-07-02,71888.0
2010-07-01,71649.0
2010-06-30,71376.0
2010-06-29,71093.0
2010-06-28,70840.0
2010-06-27,70604.0
2010-06-26,70389.0
2010-06-25,70184.0
2010-06-24,69957.0
2010-06-23,69710.0
2010-06-22,69468.0
2010-06-21,69233.0
2010-06-20,68991.0
2010-06-19,68775.0
2010-06-18,68557.0
2010-06-17,68373.0
2010-06-16,68165.0
2010-06-15,67969.0
2010-06-14,67681.0
2010-06-13,67435.0
2010-06-12,67214.0
2010-06-11,66988.0
2010-06-10,66740.0
2010-06-09,66516.0
2010-06-08,66317.0
2010-06-07,66095.0
2010-06-06,65884.0
2010-06-05,65683.0
2010-06-04,65495.0
2010-06-03,65295.0
2010-06-02,65076.0
2010-06-01,64894.0
2010-05-31,64716.0
2010-05-30,64509.0
2010-05-29,64309.0
2010-05-28,64047.0
2010-05-27,63782.0
2010-05-26,63504.0
2010-05-25,63245.0
2010-05-24,62978.0
2010-05-23,62716.0
2010-05-22,62416.0
2010-05-21,62189.0
2010-05-20,61959.0
2010-05-19,61738.0
2010-05-18,61526.0
2010-05-17,61309.0
2010-05-16,61136.0
2010-05-15,61018.0
2010-05-14,60880.0
2010-05-13,60732.0
2010-05-12,60568.0
2010-05-11,60421.0
2010-05-10,60283.0
2010-05-09,60122.0
2010-05-08,59929.0
2010-05-07,59759.0
2010-05-06,59593.0
2010-05-05,59420.0
2010-05-04,59229.0
2010-05-03,59078.0
2010-05-02,58892.0
2010-05-01,58695.0
2010-04-30,58508.0
2010-04-29,58327.0
2010-04-28,58130.0
2010-04-27,57911.0
2010-04-26,57686.0
2010-04-25,57466.0
2010-04-24,57256.0
2010-04-23,57065.0
2010-04-22,56867.0
2010-04-21,56657.0
2010-04-20,56406.0
2010-04-19,56164.0
2010-04-18,53868.0
2010-04-17,52531.0
2010-04-16,52289.0
2010-04-15,52055.0
2010-04-14,51768.0
2010-04-13,51538.0
2010-04-12,51348.0
2010-04-11,51078.0
2010-04-10,50807.0
2010-04-09,50513.0
2010-04-08,50324.0
2010-04-07,50116.0
2010-04-06,49909.0
2010-04-05,49734.0
2010-04-04,49555.0
2010-04-03,49380.0
2010-04-02,49209.0
2010-04-01,49054.0
2010-03-31,48856.0
2010-03-30,48643.0
2010-03-29,48426.0
2010-03-28,48221.0
2010-03-27,48023.0
2010-03-26,47841.0
2010-03-25,47628.0
2010-03-24,47431.0
2010-03-23,47244.0
2010-03-22,47029.0
2010-03-21,46843.0
2010-03-20,46652.0
2010-03-19,46449.0
2010-03-18,46305.0
2010-03-17,46144.0
2010-03-16,46017.0
2010-03-15,45879.0
2010-03-14,45751.0
2010-03-13,45624.0
2010-03-12,45464.0
2010-03-11,45345.0
2010-03-10,45191.0
2010-03-09,45039.0
2010-03-08,44890.0
2010-03-07,44749.0
2010-03-06,44571.0
2010-03-05,44383.0
2010-03-04,44205.0
2010-03-03,44018.0
2010-03-02,43867.0
2010-03-01,43663.0
2010-02-28,43476.0
2010-02-27,43311.0
2010-02-26,43135.0
2010-02-25,42959.0
2010-02-24,42809.0
2010-02-23,42613.0
2010-02-22,42361.0
2010-02-21,42100.0
2010-02-20,41882.0
2010-02-19,41658.0
2010-02-18,41475.0
2010-02-17,41240.0
2010-02-16,40996.0
2010-02-15,40814.0
2010-02-14,40620.0
2010-02-13,40405.0
2010-02-12,40178.0
2010-02-11,39985.0
2010-02-10,39804.0
2010-02-09,39638.0
2010-02-08,39427.0
2010-02-07,39206.0
2010-02-06,38996.0
2010-02-05,38792.0
2010-02-04,38542.0
2010-02-03,38307.0
2010-02-02,38061.0
2010-02-01,37919.0
2010-01-31,37730.0
2010-01-30,37520.0
2010-01-29,37337.0
2010-01-28,37142.0
2010-01-27,36966.0
2010-01-26,36788.0
2010-01-25,36580.0
2010-01-24,36373.0
2010-01-23,36225.0
2010-01-22,36073.0
2010-01-21,35921.0
2010-01-20,35734.0
2010-01-19,35594.0
2010-01-18,35474.0
2010-01-17,35344.0
2010-01-16,35220.0
2010-01-15,35085.0
2010-01-14,34948.0
2010-01-13,34789.0
2010-01-12,34629.0
2010-01-11,34461.0
2010-01-10,34307.0
2010-01-09,34116.0
2010-01-08,33968.0
2010-01-07,33818.0
2010-01-06,33659.0
2010-01-05,33501.0
2010-01-04,33293.0
2010-01-03,33101.0
2010-01-02,32938.0
2010-01-01,32806.0
2009-12-31,32687.0
2009-12-30,32537.0
2009-12-29,32381.0
2009-12-28,32217.0
2009-12-27,32079.0
2009-12-26,31909.0
2009-12-25,31750.0
2009-12-24,31592.0
2009-12-23,31448.0
2009-12-22,31279.0
2009-12-21,31127.0
2009-12-20,30939.0
2009-12-19,30764.0
2009-12-18,30539.0
2009-12-17,30338.0
2009-12-16,30175.0
2009-12-15,30054.0
2009-12-14,29937.0
2009-12-13,29824.0
2009-12-12,29720.0
2009-12-11,29617.0
2009-12-10,29492.0
2009-12-09,29386.0
2009-12-08,29282.0
2009-12-07,29161.0
2009-12-06,29067.0
2009-12-05,28959.0
2009-12-04,28907.0
2009-12-03,28858.0
2009-12-02,28773.0
2009-12-01,28674.0
2009-11-30,28608.0
2009-11-29,28534.0
2009-11-28,28476.0
2009-11-27,28398.0
2009-11-26,28323.0
2009-11-25,28245.0
2009-11-24,28160.0
2009-11-23,28058.0
2009-11-22,27962.0
2009-11-21,27862.0
2009-11-20,27785.0
2009-11-19,27701.0
2009-11-18,27628.0
2009-11-17,27549.0
2009-11-16,27458.0
2009-11-15,27358.0
2009-11-14,27262.0
2009-11-13,27179.0
2009-11-12,27106.0
2009-11-11,27036.0
2009-11-10,26958.0
2009-11-09,26887.0
2009-11-08,26822.0
2009-11-07,26752.0
2009-11-06,26676.0
2009-11-05,26627.0
2009-11-04,26562.0
2009-11-03,26500.0
2009-11-02,26443.0
2009-11-01,26410.0
2009-10-31,26380.0
2009-10-30,26335.0
2009-10-29,26273.0
2009-10-28,26222.0
2009-10-27,26158.0
2009-10-26,26091.0
2009-10-25,26026.0
2009-10-24,25952.0
2009-10-23,25877.0
2009-10-22,25790.0
2009-10-21,25702.0
2009-10-20,25618.0
2009-10-19,25507.0
2009-10-18,25408.0
2009-10-17,25343.0
2009-10-16,25288.0
2009-10-15,25222.0
2009-10-14,25137.0
2009-10-13,25081.0
2009-10-12,25030.0
2009-10-11,24967.0
2009-10-10,24888.0
2009-10-09,24811.0
2009-10-08,24733.0
2009-10-07,24663.0
2009-10-06,24612.0
2009-10-05,24569.0
2009-10-04,24511.0
2009-10-03,24450.0
2009-10-02,24392.0
2009-10-01,24316.0
2009-09-30,24231.0
2009-09-29,24144.0
2009-09-28,24059.0
2009-09-27,23971.0
2009-09-26,23881.0
2009-09-25,23787.0
2009-09-24,23685.0
2009-09-23,23603.0
2009-09-22,23575.0
2009-09-21,23540.0
2009-09-20,23466.0
2009-09-19,23387.0
2009-09-18,23316.0
2009-09-17,23235.0
2009-09-16,23151.0
2009-09-15,23092.0
2009-09-14,23036.0
2009-09-13,22955.0
2009-09-12,22885.0
2009-09-11,22814.0
2009-09-10,22746.0
2009-09-09,22685.0
2009-09-08,22627.0
2009-09-07,22561.0
2009-09-06,22482.0
2009-09-05,22410.0
2009-09-04,22339.0
2009-09-03,22276.0
2009-09-02,22215.0
2009-09-01,22147.0
2009-08-31,22068.0
2009-08-30,21973.0
2009-08-29,21882.0
2009-08-28,21799.0
2009-08-27,21735.0
2009-08-26,21702.0
2009-08-25,21660.0
2009-08-24,21605.0
2009-08-23,21597.0
2009-08-22,21585.0
2009-08-21,21577.0
2009-08-20,21561.0
2009-08-19,21537.0
2009-08-18,21522.0
2009-08-17,21513.0
2009-08-16,21496.0
2009-08-15,21471.0
2009-08-14,21437.0
2009-08-13,21372.0
2009-08-12,21291.0
2009-08-11,21223.0
2009-08-10,21156.0
2009-08-09,21074.0
2009-08-08,20976.0
2009-08-07,20893.0
2009-08-06,20819.0
2009-08-05,20723.0
2009-08-04,20632.0
2009-08-03,20574.0
2009-08-02,20559.0
2009-08-01,20529.0
2009-07-31,20506.0
2009-07-30,20494.0
2009-07-29,20478.0
2009-07-28,20446.0
2009-07-27,20402.0
2009-07-26,20338.0
2009-07-25,20325.0
2009-07-24,20272.0
2009-07-23,20197.0
2009-07-22,20131.0
2009-07-21,20062.0
2009-07-20,19987.0
2009-07-19,19912.0
2009-07-18,19860.0
2009-07-17,19857.0
2009-07-16,19792.0
2009-07-15,19723.0
2009-07-14,19677.0
2009-07-13,19605.0
2009-07-12,19529.0
2009-07-11,19453.0
2009-07-10,19369.0
2009-07-09,19287.0
2009-07-08,19206.0
2009-07-07,19127.0
2009-07-06,19064.0
2009-07-05,18973.0
2009-07-04,18893.0
2009-07-03,18804.0
2009-07-02,18720.0
2009-07-01,18648.0
2009-06-30,18564.0
2009-06-29,18475.0
2009-06-28,18399.0
2009-06-27,18347.0
2009-06-26,18262.0
2009-06-25,18172.0
2009-06-24,18098.0
2009-06-23,18011.0
2009-06-22,17935.0
2009-06-21,17854.0
2009-06-20,17779.0
2009-06-19,17695.0
2009-06-18,17608.0
2009-06-17,17527.0
2009-06-16,17450.0
2009-06-15,17377.0
2009-06-14,17295.0
2009-06-13,17225.0
2009-06-12,17151.0
2009-06-11,17060.0
2009-06-10,16967.0
2009-06-09,16884.0
2009-06-08,16790.0
2009-06-07,16718.0
2009-06-06,16714.0
2009-06-05,16690.0
2009-06-04,16633.0
2009-06-03,16594.0
2009-06-02,16496.0
2009-06-01,16407.0
2009-05-31,16333.0
2009-05-30,16215.0
2009-05-29,16112.0
2009-05-28,16004.0
2009-05-27,15901.0
2009-05-26,15776.0
2009-05-25,15663.0
2009-05-24,15551.0
2009-05-23,15455.0
2009-05-22,15448.0
2009-05-21,15365.0
2009-05-20,15276.0
2009-05-19,15172.0
2009-05-18,15072.0
2009-05-17,14948.0
2009-05-16,14823.0
2009-05-15,14708.0
2009-05-14,14563.0
2009-05-13,14426.0
2009-05-12,14309.0
2009-05-11,14182.0
2009-05-10,14062.0
2009-05-09,14000.0
2009-05-08,13909.0
2009-05-07,13787.0
2009-05-06,13666.0
2009-05-05,13528.0
2009-05-04,13395.0
2009-05-03,13270.0
2009-05-02,13155.0
2009-05-01,13031.0
2009-04-30,12908.0
2009-04-29,12775.0
2009-04-28,12652.0
2009-04-27,12535.0
2009-04-26,12430.0
2009-04-25,12319.0
2009-04-24,12197.0
2009-04-23,12084.0
2009-04-22,12004.0
2009-04-21,11883.0
2009-04-20,11758.0
2009-04-19,11640.0
2009-04-18,11519.0
2009-04-17,11394.0
2009-04-16,11279.0
2009-04-15,11156.0
2009-04-14,11044.0
2009-04-13,10917.0
2009-04-12,10799.0
2009-04-11,10684.0
2009-04-10,10561.0
2009-04-09,10458.0
2009-04-08,10359.0
2009-04-07,10255.0
2009-04-06,10156.0
2009-04-05,10039.0
2009-04-04,9910.0
2009-04-03,9797.0
2009-04-02,9684.0
2009-04-01,9564.0
2009-03-31,9457.0
2009-03-30,9343.0
2009-03-29,9218.0
2009-03-28,9106.0
2009-03-27,8984.0
2009-03-26,8874.0
2009-03-25,8760.0
2009-03-24,8644.0
2009-03-23,8539.0
2009-03-22,8407.0
2009-03-21,8310.0
2009-03-20,8233.0
2009-03-19,8114.0
2009-03-18,7990.0
2009-03-17,7880.0
2009-03-16,7765.0
2009-03-15,7634.0
2009-03-14,7523.0
2009-03-13,7407.0
2009-03-12,7292.0
2009-03-11,7173.0
2009-03-10,7065.0
2009-03-09,6960.0
2009-03-08,6847.0
2009-03-07,6732.0
2009-03-06,6621.0
2009-03-05,6502.0
2009-03-04,6394.0
2009-03-03,6288.0
2009-03-02,6180.0
2009-03-01,6076.0
2009-02-28,5969.0
2009-02-27,5866.0
2009-02-26,5743.0
2009-02-25,5647.0
2009-02-24,5540.0
2009-02-23,5429.0
2009-02-22,5322.0
2009-02-21,5197.0
2009-02-20,5087.0
2009-02-19,4958.0
2009-02-18,4841.0
2009-02-17,4717.0
2009-02-16,4598.0
2009-02-15,4475.0
2009-02-14,4350.0
2009-02-13,4209.0
2009-02-12,4085.0
2009-02-11,3966.0
2009-02-10,3834.0
2009-02-09,3707.0
2009-02-08,3578.0
2009-02-07,3443.0
2009-02-06,3313.0
2009-02-05,3184.0
2009-02-04,3063.0
2009-02-03,2937.0
2009-02-02,2787.0
2009-02-01,2660.0
2009-01-31,2542.0
2009-01-30,2413.0
2009-01-29,2291.0
2009-01-28,2169.0
2009-01-27,2066.0
2009-01-26,1961.0
2009-01-25,1845.0
2009-01-24,1650.0
2009-01-23,1449.0
2009-01-22,1381.0
2009-01-21,1305.0
2009-01-20,1190.0
2009-01-19,1072.0
2009-01-18,952.0
2009-01-17,851.0
2009-01-16,742.0
2009-01-15,625.0
2009-01-14,489.0
2009-01-13,363.0
2009-01-12,247.0
2009-01-11,152.0
2009-01-10,46.0
2009-01-09,15.0
2009-01-08,1.0
2009-01-07,1.0
2009-01-06,1.0
2009-01-05,1.0
2009-01-04,1.0
2009-01-03,1.0
